VL8_N_N_VL2_N_VL4_N,5.76830013335198013525,1
VL8_N_N_VA_N_VA_N,5.70027916269584382029,1
VL8_N_N_N_VL4_IV_N,5.64095023293472659225,1
VL8_N_N_N_N_VL8_N,5.62530584083824325660,1
VL8_N_N_VL2_N_N_VL4,5.50489046021397365991,1
VL8_N_N_N_VL8_VA_N,5.44249637815391846833,1
VL8_N_N_VA_N_VL8_N,5.36799980493632999896,1
VL8_N_N_N_VL8_N_IV,5.35957131410824249567,1
VL8_N_N_N_IV_VL8_N,5.21057679747592737840,1
VL8_N_N_N_VA_N_N,5.20634639268255117741,1
VL8_N_N_N_VL8_N_VL2,5.20157955489632079497,1
VL8_N_N_N_VL4_VL8_N,5.17384626701774458727,1
VL8_N_N_VL8_N_VL4_N,5.15968428842466146335,1
VL8_N_N_N_IV_N_N,5.14859945555040739899,1
VL8_N_N_VL4_N_VL4_N,5.14410672762853771872,1
VL8_N_N_N_IV_N_IV,5.08616635090966792403,1
VL8_N_N_N_VA_VL2_N,4.91511327356035234733,1
VL8_N_N_N_VL8_N_VA,4.89147573834071462805,1
VL8_N_N_N_VL2_IV_N,4.88953981324849214449,1
VL8_N_N_N_VL4_N_VA,4.87141018231668990864,1
VL8_N_N_IV_N_N_VA,4.86303109177487670140,1
VL8_N_N_VL2_N_N_N,4.84383169192622535030,1
VL8_N_N_VA_N_N_VL4,4.83191533422934649853,1
VL8_N_N_N_IV_VA_N,4.81445696930094071194,1
VL8_N_N_N_N_N_IV,4.81290945078901543591,1
VL8_N_N_N_N_IV_N,4.81042838265884744729,1
VL8_N_N_VL4_N_VA_N,4.77845113855694925519,1
VL8_N_N_VL4_N_IV_N,4.76799498943033293606,1
VL8_N_N_VL4_N_VL2_N,4.75968745716887770364,1
VL8_N_N_VL2_N_VL2_N,4.75806833286474574303,1
VL8_N_N_IV_N_VA_N,4.71688101722491682434,1
VL8_N_N_N_N_VL4_N,4.71184141465271097784,1
VL8_N_N_VL8_N_N_VL2,4.68672983028655906242,1
VL8_N_N_N_VA_VA_N,4.64993634414348811773,1
VL8_N_N_N_N_N_VA,4.63124144798206159417,1
VL8_N_N_N_VL8_N_VL8,4.60369822246695566528,1
VL8_N_N_IV_N_N_N,4.58208626023763124382,1
VL8_N_N_VL8_N_VL8_N,4.58045187853341833403,1
VL8_N_N_VL8_N_N_VL8,4.56250568989731868972,1
VL8_N_N_N_VA_N_VL4,4.55998668507452040412,1
VL8_N_N_N_VA_N_IV,4.55711752242930433235,1
VL8_N_N_N_VL8_N_N,4.54772449986621434624,1
VL8_N_N_VA_N_N_VA,4.54550451450110179383,1
VL8_N_N_VL8_N_VA_N,4.54513419205008324973,1
VL8_N_N_N_VA_IV_N,4.54186854772669415925,1
VL8_N_N_VL4_N_N_VA,4.53937694381119889458,1
VL8_N_N_VL8_N_N_IV,4.53595349407035466427,1
VL8_N_N_VA_N_IV_N,4.52117408349609767468,1
VL8_N_N_N_N_VA_N,4.49680918342480592673,1
VL8_N_N_N_VL2_VL8_N,4.49643471149547968656,1
VL8_N_N_VL2_N_VA_N,4.49107663596986644785,1
VL8_N_N_N_VA_N_VL8,4.47949157600466645534,1
VL8_N_N_IV_N_N_IV,4.45226393432166079634,1
VL8_N_N_N_VA_N_VA,4.44484036404259669263,1
VL8_N_N_N_VL8_VL8_N,4.43862858871887058859,1
VL8_N_N_N_VL8_VL4_N,4.41961777636924401042,1
VL8_N_N_IV_N_IV_N,4.41083349210902613691,1
VL8_N_N_VA_N_N_IV,4.40460721717989412520,1
VL8_N_N_N_VL4_N_VL2,4.39465163103714416662,1
VL8_N_N_N_N_N_VL4,4.39192235349292377139,1
VL8_N_N_VL4_N_N_VL8,4.37610491979460207775,1
VL8_N_N_N_VL4_N_VL4,4.37082884666081272479,1
VL8_N_N_VL2_N_IV_N,4.36267086230393761851,1
VL8_N_N_N_VL2_N_VL4,4.36251771435011971725,1
VL8_N_N_VL8_N_N_VA,4.34817961526932397680,1
VL8_N_N_N_IV_N_VL2,4.34674975710294284601,1
VL8_N_N_IV_N_N_VL4,4.33754902203746855369,1
VL8_N_N_IV_N_VL8_N,4.33309767722012796127,1
VL8_N_N_N_VL8_VL2_N,4.30632642439207867762,1
VL8_N_N_N_VL4_N_VL8,4.28334494705727691422,1
VL8_N_N_N_VL2_N_VL8,4.28158359908034218091,1
VL8_N_N_N_VL4_VA_N,4.28020383351354806406,1
VL8_N_N_N_IV_N_VA,4.27396532415557549823,1
VL8_N_N_N_IV_VL2_N,4.27276024418243460309,1
VL8_N_N_VL4_N_VL8_N,4.27201290452941478810,1
VL8_N_N_N_VA_N_VL2,4.25020598649709350209,1
VL8_N_N_N_VL2_N_VA,4.23890071620060489695,1
VL8_N_N_VL8_N_N_N,4.23648800120927854664,1
VL8_N_N_IV_N_N_VL2,4.21890881464289781901,1
VL8_N_N_VL2_N_N_IV,4.21543063247656549013,1
VL8_N_N_N_N_VL2_N,4.20118801962005950563,1
VL8_N_N_N_VL4_VL2_N,4.19822777485867652261,1
VL8_N_N_VA_N_N_VL8,4.19793897413788487264,1
VL8_N_N_N_VA_VL4_N,4.17689731806173380687,1
VL8_N_N_VA_N_VL2_N,4.17411193175919011326,1
VL8_N_N_N_VL2_N_N,4.16855842890848000454,1
VL8_N_N_N_VL2_VL4_N,4.14598964642899794446,1
VL8_N_N_N_IV_N_VL4,4.13182888343311169216,1
VL8_N_N_N_VL8_N_VL4,4.13012513300549144765,1
VL8_N_N_VA_N_N_N,4.12344480121045356427,1
VL8_N_N_VA_N_VL4_N,4.11221892248493736695,1
VL8_N_N_N_VL2_VA_N,4.09678765056603441715,1
VL8_N_N_N_N_N_VL8,4.08949288560485701991,1
VL8_N_N_N_N_N_VL2,4.06300710925151827933,1
VL8_N_N_N_VL4_N_IV,4.03870153013991227648,1
VL8_N_N_N_VL4_N_N,3.97123810035328319631,1
VL8_N_N_N_VA_VL8_N,3.94495937437827743730,1
VL8_N_N_N_IV_IV_N,3.94006714625424950413,1
VL8_N_N_IV_N_VL4_N,3.91881232939559665836,1
VL8_N_N_VL4_N_N_VL2,3.91411576866863482513,1
VL8_N_N_VL4_N_N_VL4,3.89136593821846880685,1
VL8_N_N_VL2_N_N_VA,3.87496924311603371279,1
VL8_N_N_VL8_N_N_VL4,3.86764197521102123551,1
VL8_N_N_IV_N_VL2_N,3.84973114418290938840,1
VL8_N_N_VL2_N_N_VL8,3.84563737047279603328,1
VL8_N_N_N_IV_N_VL8,3.83250004352072180828,1
VL8_N_N_VL8_N_VL2_N,3.79762528595111467334,1
VL8_N_N_VL4_N_N_N,3.76359467448915534809,1
VL8_N_N_VL8_N_IV_N,3.75561479914031713216,1
VL8_N_N_N_N_N_N,3.72614968832927553220,1
VL8_N_N_N_VL2_N_VL2,3.63108489226401544815,1
VL8_N_N_N_IV_VL4_N,3.62923423012504589124,1
VL8_N_N_IV_N_N_VL8,3.57939168878838465276,1
VL8_N_N_N_VL4_VL4_N,3.56034722246177950194,1
VL8_N_N_VA_N_N_VL2,3.53945812643789860951,1
VL8_N_N_VL2_N_N_VL2,3.42380304165256327156,1
VL8_N_N_VL4_N_N_IV,3.39768670460320308538,1
VL8_N_N_N_VL2_N_IV,3.24673859688844913218,1
VL8_N_N_VL2_N_VL8_N,3.13273390049952496358,1
VL8_N_N_N_VL2_VL2_N,3.07539598141496753885,1
VL8_N_N_N_VL8_IV_N,3.01703005100126346112,1
VL4_N_N_VL8_N_N_VL8,3.00926849120583908245,1
VL4_N_N_VL8_N_N_VL4,2.95954094830293484316,1
VL4_N_N_VA_N_VL2_N,2.94874279240261808448,1
VL4_N_N_N_VA_N_VL4,2.91424090527164468142,1
VL4_N_N_VL8_N_VL8_N,2.90934441613724005080,1
VL4_N_N_VL4_N_VA_N,2.90521544726097122435,1
VL4_N_N_VL2_N_VA_N,2.88193716012201457685,1
VL4_N_N_VL2_N_VL2_N,2.87947674275224227391,1
VL4_N_N_N_VL4_VL4_N,2.87929692073441537325,1
VL4_N_N_VA_N_N_VA,2.86548725783402839159,1
VL4_N_N_IV_N_VA_N,2.86401160369725952475,1
VL4_N_N_N_IV_N_VA,2.86116941400926766202,1
VL4_N_N_IV_N_IV_N,2.85846551321582002200,1
VL4_N_N_IV_N_N_VL8,2.83813473011706761191,1
VL4_N_N_N_VL4_VA_N,2.83786186707897331029,1
VL4_N_N_VA_N_N_N,2.82486694644338064597,1
VL4_N_N_VL2_N_VL8_N,2.82469620303326397736,1
VL4_N_N_N_IV_N_VL4,2.82452764320092004950,1
VL4_N_N_IV_N_N_N,2.81226856297144533597,1
VL4_N_N_VL4_N_N_IV,2.79933379361188241516,1
VL4_N_N_VL4_N_N_VA,2.79561587050104890048,1
VL4_N_N_VL2_N_N_VL8,2.77152666343022135085,1
VL4_N_N_VL8_N_VA_N,2.77093504436606799256,1
VL4_N_N_N_VL4_N_VL2,2.73403961402912903585,1
VL4_N_N_VL8_N_N_VL2,2.72419680846227191780,1
VL4_N_N_IV_N_N_VL2,2.72009391503851254761,1
VL4_N_N_VA_N_N_VL8,2.71858709603168825504,1
VL4_N_N_N_IV_N_VL8,2.71310178856822524453,1
VL4_N_N_N_VA_N_VA,2.70788289258557592170,1
VL4_N_N_VL2_N_N_VL2,2.70088912662618030284,1
VL4_N_N_N_N_N_N,2.69708066845131372607,1
VL4_N_N_VA_N_N_VL4,2.69423465651977023154,1
VL4_N_N_VA_N_IV_N,2.68162662130679142277,1
VL4_N_N_IV_N_VL2_N,2.66983325385435093200,1
VL4_N_N_N_VA_VL2_N,2.65621256813854967162,1
VL4_N_N_VL4_N_VL4_N,2.65358507834476617516,1
VL4_N_N_N_IV_N_N,2.64740692217838171612,1
VL4_N_N_VL4_N_IV_N,2.64593717225608026177,1
VL4_N_N_VL2_N_VL4_N,2.64518100807545845318,1
VL4_N_N_VL2_N_N_IV,2.61047689153490972296,1
VL4_N_N_N_VL4_VL8_N,2.60936284954636663482,1
VL4_N_N_N_VA_N_IV,2.60915375860781666622,1
VL4_N_N_N_VL8_IV_N,2.57881064688495789977,1
VL4_N_N_VL4_N_VL8_N,2.57576597702458444265,1
VL4_N_N_IV_N_N_VL4,2.57445098189152724912,1
VL4_N_N_IV_N_N_VA,2.57197511167415348633,1
VL4_N_N_VL4_N_VL2_N,2.56907582176990890146,1
VL4_N_N_VL4_N_N_VL8,2.56440216242264097353,1
VL4_N_N_VA_N_VL8_N,2.56195791304233959839,1
VL4_N_N_N_VL2_N_VA,2.55411055760559595273,1
VL4_N_N_VL8_N_IV_N,2.53162737692179127274,1
VL4_N_N_N_VL8_N_VL8,2.52629242880102817145,1
VL4_N_N_N_IV_VL4_N,2.52343377385721144094,1
VL4_N_N_N_N_N_VL2,2.51641068786476292142,1
VL4_N_N_N_VL2_VL8_N,2.51141067004057224482,1
VL4_N_N_N_VA_VL4_N,2.50840955019206412049,1
VL4_N_N_N_VL2_VL4_N,2.50823679229837972749,1
VL4_N_N_VL4_N_N_VL4,2.50636611181400414377,1
VL4_N_N_VA_N_N_IV,2.50584022742850266425,1
VL4_N_N_N_VL4_N_VL8,2.49682386085842253451,1
VL4_N_N_N_VL4_N_VL4,2.48461530064705894077,1
VL4_N_N_VL4_N_N_N,2.48264631556329736685,1
VL4_N_N_VA_N_N_VL2,2.48233870729736893567,1
VL4_N_N_N_VA_IV_N,2.47142104275646396191,1
VL4_N_N_N_VL4_IV_N,2.45444526975460907061,1
VL4_N_N_N_IV_IV_N,2.45097606845181916594,1
VL4_N_N_N_VL8_VL8_N,2.43980591367694009739,1
VL4_N_N_N_IV_VA_N,2.43614146264755010398,1
VL4_N_N_N_IV_VL8_N,2.41777023703240345564,1
VL4_N_N_N_N_VL8_N,2.40249365896428417018,1
VL4_N_N_N_VL2_N_N,2.39313632628023815477,1
VL4_N_N_VL2_N_IV_N,2.38461082811631684236,1
VL4_N_N_N_VL2_N_IV,2.38448602358095971062,1
VL4_N_N_N_VL4_N_VA,2.37917981023853532525,1
VL4_N_N_N_N_VA_N,2.37657639793378448440,1
VL4_N_N_IV_N_VL4_N,2.37633076482852991905,1
VL4_N_N_N_VA_N_N,2.37494465318861362079,1
VL4_N_N_N_N_IV_N,2.36036968623132446458,1
VL4_N_N_VL8_N_N_VA,2.35327625805647203905,1
VL4_N_N_N_N_N_IV,2.35086634760580592816,1
VL4_N_N_VL2_N_N_N,2.34599910949952241366,1
VL4_N_N_VL8_N_VL4_N,2.33700547528930055609,1
VL4_N_N_VL8_N_N_N,2.32963386557154808612,1
VL4_N_N_IV_N_VL8_N,2.32816724545642024099,1
VL4_N_N_N_VL2_N_VL4,2.32578747296192380510,1
VL4_N_N_N_N_N_VA,2.32528868103459840088,1
VL4_N_N_N_VL2_IV_N,2.32003808767423276303,1
VL4_N_N_N_N_N_VL8,2.31718896823148020014,1
VL4_N_N_IV_N_N_IV,2.31172487069869980052,1
VL4_N_N_VL8_N_VL2_N,2.31063418340525949969,1
VL4_N_N_N_IV_VL2_N,2.30824175712003427649,1
VL4_N_N_VL2_N_N_VA,2.30766651869720369920,1
VL4_N_N_N_VA_N_VL2,2.29854919701944246487,1
VL4_N_N_N_VL8_N_VL2,2.28501277277484499139,1
VL4_N_N_N_VL8_N_VA,2.27865358072237743201,1
VL4_N_N_N_VL8_VA_N,2.25815183001777303557,1
VL4_N_N_N_N_N_VL4,2.25169549327310908508,1
VL4_N_N_N_VL2_N_VL2,2.22893968537659676525,1
VL4_N_N_N_IV_N_VL2,2.20471791345306766718,1
VL4_N_N_VL8_N_N_IV,2.18681371747606484873,1
VL4_N_N_N_VL4_N_IV,2.15887553179838940939,1
VL4_N_N_N_VA_N_VL8,2.15282824430303914235,1
VL4_N_N_N_VL2_N_VL8,2.14176780207254562704,1
VL4_N_N_N_VL8_N_IV,2.13436199604112543003,1
VL4_N_N_VA_N_VL4_N,2.12912167605685955300,1
VL4_N_N_VA_N_VA_N,2.11529616143078049072,1
VL4_N_N_N_IV_N_IV,2.09591209260043942521,1
VL4_N_N_VL2_N_N_VL4,2.07692137418087888614,1
VL4_N_N_N_VL8_VL2_N,2.03505284360178535381,1
VL4_N_N_N_VL2_VL2_N,2.03470499006092725925,1
VL4_N_N_N_VL8_N_N,2.03278097603551069687,1
VL4_N_N_N_VA_VA_N,2.02872259222836963057,1
VL4_N_N_VL4_N_N_VL2,2.02534384205530119713,1
VL4_N_N_N_VL4_N_N,2.00546921152841109569,1
VL4_N_N_N_N_VL4_N,1.95294427982794983928,1
VL4_N_N_N_VA_VL8_N,1.93197443760881233371,1
VL4_N_N_N_VL4_VL2_N,1.87921553611549588724,1
VL4_N_N_N_VL2_VA_N,1.82572300414539748332,1
VL4_N_N_N_VL8_VL4_N,1.81589436192883916456,1
VL4_N_N_N_N_VL2_N,1.79593332933194288008,1
VL4_N_N_N_VL8_N_VL4,1.67674363933446424550,1
VL2_N_N_VL4_N_N_IV,1.64117559037056907806,1
VL2_N_N_N_VL8_VA_N,1.57591294439485956001,1
VL2_N_N_N_VL8_N_VL2,1.57306382407474545073,1
VL2_N_N_IV_N_N_N,1.57064088050077164999,1
VL2_N_N_VL8_N_VA_N,1.55264572046137973134,1
VL2_N_N_N_VL4_N_N,1.55036710628667162351,1
VL2_N_N_VA_N_IV_N,1.52455996615433740720,1
VL2_N_N_VA_N_N_N,1.52272180462510850757,1
VL2_N_N_N_VL4_N_IV,1.51478642605878423792,1
VL2_N_N_N_IV_VA_N,1.51330868370928200248,1
VL2_N_N_N_VL2_N_VL8,1.51228805999921393625,1
VL2_N_N_VL8_N_N_VL8,1.51167285149741653664,1
VL2_N_N_VL2_N_N_VL4,1.50864200715401793130,1
VL2_N_N_VL8_N_N_VL4,1.50419783175877023026,1
VL2_N_N_VL2_N_N_IV,1.50417842358648145399,1
VL2_N_N_N_VA_N_VA,1.50364763836698470578,1
VL2_N_N_IV_N_N_VA,1.50216841608926332304,1
VL2_N_N_VL2_N_N_VL8,1.50081223826188866306,1
VL2_N_N_N_VL2_VA_N,1.50039742866880512924,1
VL2_N_N_N_VL2_VL4_N,1.49922681222616523158,1
VL2_N_N_N_VL2_VL8_N,1.49844218300367962151,1
VL2_N_N_VL8_N_N_IV,1.49778474646359943756,1
VL2_N_N_VA_N_VL4_N,1.49309599374179087434,1
VL2_N_N_N_VL4_IV_N,1.49239430682388947003,1
VL2_N_N_N_VA_N_VL2,1.48946713696959196543,1
VL2_N_N_VL4_N_VL2_N,1.48026498725722316841,1
VL2_N_N_IV_N_N_VL4,1.47311295778030972385,1
VL2_N_N_N_N_N_VL2,1.47230260051705636041,1
VL2_N_N_N_IV_N_VL2,1.47025086703840636628,1
VL2_N_N_IV_N_N_IV,1.46816050116878158208,1
VL2_N_N_N_VL2_N_VL4,1.46604697331054511282,1
VL2_N_N_VL8_N_N_VL2,1.46417311921613133011,1
VL2_N_N_VL4_N_N_VA,1.46246871199249279893,1
VL2_N_N_N_VL4_N_VA,1.46185909680476995239,1
VL2_N_N_N_N_N_VL4,1.46149749136929263178,1
VL2_N_N_VL4_N_N_VL2,1.45906194343879479921,1
VL2_N_N_VA_N_VL8_N,1.45411673757229512202,1
VL2_N_N_N_N_VL8_N,1.45388250005467475592,1
VL2_N_N_N_VL2_N_N,1.45313715675728272056,1
VL2_N_N_VL4_N_N_N,1.45184969928696074682,1
VL2_N_N_N_VL4_VA_N,1.44246291038404490545,1
VL2_N_N_N_VA_IV_N,1.44140082588451135431,1
VL2_N_N_IV_N_VL4_N,1.43879578100692784201,1
VL2_N_N_VA_N_N_VL8,1.43689715169635342531,1
VL2_N_N_N_IV_N_VL8,1.43488226926321552101,1
VL2_N_N_N_VA_VL4_N,1.43319667023785609594,1
VL2_N_N_VA_N_VL2_N,1.43318108223105785727,1
VL2_N_N_VL2_N_N_VA,1.43110567415475539848,1
VL2_N_N_N_VL8_N_VL8,1.42480591932967764425,1
VL2_N_N_N_VL2_N_VL2,1.42160868186349279785,1
VL2_N_N_N_VL4_VL2_N,1.41850532754677917436,1
VL2_N_N_VL4_N_IV_N,1.41717934123884046407,1
VL2_N_N_N_VL8_VL8_N,1.41491548075455385739,1
VL2_N_N_N_IV_N_VL4,1.41289468456185688904,1
VL2_N_N_N_IV_N_VA,1.41081975977578013534,1
VL2_N_N_N_VL8_N_VA,1.41009618673827180401,1
VL2_N_N_VA_N_N_VL2,1.40985656823122125365,1
VL2_N_N_IV_N_VL8_N,1.40703934936370555901,1
VL2_N_N_VL2_N_N_VL2,1.40371790968329552370,1
VL2_N_N_N_VA_VL2_N,1.40340292308727528457,1
VL2_N_N_N_VL2_VL2_N,1.40296471360348883485,1
VL2_N_N_VL8_N_N_VA,1.40271011411924743393,1
VL2_N_N_VL8_N_VL8_N,1.39986852951599127842,1
VL2_N_N_VL8_N_N_N,1.39929167885361599302,1
VL2_N_N_N_IV_VL2_N,1.39763057042391159964,1
VL2_N_N_N_VL2_N_VA,1.39751810726729174452,1
VL2_N_N_VA_N_N_IV,1.39532806025730946338,1
VL2_N_N_N_VL4_VL4_N,1.39111728022124957428,1
VL2_N_N_N_N_VL4_N,1.39104151786647592627,1
VL2_N_N_N_IV_N_N,1.39031979421941967392,1
VL2_N_N_N_N_N_VA,1.38631360226775699505,1
VL2_N_N_VL2_N_IV_N,1.38138212315201294360,1
VL2_N_N_N_IV_VL4_N,1.38136268481168411478,1
VL2_N_N_VL4_N_VA_N,1.38062340795026045040,1
VL2_N_N_N_IV_VL8_N,1.38035669656898890755,1
VL2_N_N_VL8_N_IV_N,1.37710738866487299509,1
VL2_N_N_VL2_N_N_N,1.37610941711411969771,1
VL2_N_N_N_N_N_VL8,1.37532711120490893632,1
VL2_N_N_N_VL4_VL8_N,1.37004191988954081963,1
VL2_N_N_N_VL8_N_VL4,1.36828780674674584933,1
VL2_N_N_VL2_N_VA_N,1.36749536179167562995,1
VL2_N_N_VL4_N_N_VL8,1.35800359471754132452,1
VL2_N_N_N_VL8_VL4_N,1.35799282878907129453,1
VL2_N_N_IV_N_VA_N,1.35790397848907840507,1
VL2_N_N_N_VL8_IV_N,1.35358137093593406593,1
VL2_N_N_N_IV_IV_N,1.34376432536349594336,1
VL2_N_N_N_VL8_VL2_N,1.34283958400400321695,1
VL2_N_N_VA_N_N_VL4,1.33520701365291791922,1
VL2_N_N_N_N_N_N,1.33340721392393322781,1
VL2_N_N_N_N_N_IV,1.33031499638361084368,1
VL2_N_N_N_N_VA_N,1.32781619557995101706,1
VL2_N_N_VL2_N_VL4_N,1.32515529626575636721,1
VL2_N_N_N_VA_N_VL8,1.32407676827770111226,1
VL2_N_N_VA_N_N_VA,1.32012012272251220676,1
VL2_N_N_IV_N_N_VL8,1.31752375538781123799,1
VL2_N_N_N_VL4_N_VL2,1.31694058453182063122,1
VL2_N_N_N_VL2_IV_N,1.31628047719191931902,1
VL2_N_N_VA_N_VA_N,1.31334622839791172603,1
VL2_N_N_N_IV_N_IV,1.31084501213780755994,1
VL2_N_N_N_N_IV_N,1.30585673501713362459,1
VL2_N_N_N_VL4_N_VL8,1.30080040830159200168,1
VL2_N_N_N_VL8_N_N,1.29935635908962941858,1
VL2_N_N_N_VL8_N_IV,1.29467889514331619170,1
VL2_N_N_IV_N_VL2_N,1.28613678499118692117,1
VL2_N_N_VL2_N_VL2_N,1.27557908825501765633,1
VL2_N_N_N_VL4_N_VL4,1.27153520304343399490,1
VL2_N_N_N_VL2_N_IV,1.25824802929773366146,1
VL2_N_N_N_VA_N_VL4,1.25483299160495712084,1
VL2_N_N_VL8_N_VL2_N,1.23356485520823311633,1
VL2_N_N_VL8_N_VL4_N,1.22325968500335462856,1
VL2_N_N_IV_N_IV_N,1.22137549935013038458,1
VL2_N_N_N_VA_N_N,1.21813141829950308727,1
VL2_N_N_IV_N_N_VL2,1.19521770356501516967,1
VL2_N_N_VL4_N_N_VL4,1.18890142517755108432,1
VL2_N_N_VL4_N_VL8_N,1.18876653246281298709,1
VL2_N_N_N_VA_VL8_N,1.17252626765905690894,1
N_N_VL4_N_VL8_N_IV,1.16649294600283033160,1
N_N_VL4_N_VL2_N_VL4,1.16422536018474142760,1
N_VA_N_N_VL8_N_VL4,1.16319440912632458221,1
N_N_VL4_N_VL4_IV_N,1.16133603792845897146,1
N_N_VL4_N_VA_N_VA,1.16004975264163000430,1
N_N_VL4_N_VL2_IV_N,1.15948078994381965698,1
N_VA_N_N_VL8_VA_N,1.15844190492207334869,1
N_VA_N_VA_N_N_VA,1.15733751666625842137,1
VL2_N_N_N_VA_N_IV,1.15605206763536449757,1
N_N_VL8_N_N_N_VL2,1.15567244677871795183,1
N_VA_N_IV_N_N_N,1.15561948837916060739,1
N_N_VL8_N_N_N_VA,1.15525472846780427572,1
N_VA_N_VA_N_N_N,1.15319650168103724571,1
N_N_VL4_N_VA_VA_N,1.15256981033986423056,1
N_VA_N_N_VL8_N_IV,1.15243310707052613510,1
N_N_VL4_N_VL4_N_IV,1.15156425786525021229,1
N_N_VL4_VA_N_N_VA,1.14759518695300867818,1
VL2_N_N_N_VA_VA_N,1.14748376565815421676,1
N_VA_N_N_VL2_N_VA,1.14706674903696528846,1
N_N_VL4_N_VA_N_VL2,1.14704121472295103105,1
N_N_VL8_IV_N_N_VL4,1.14657145820212460564,1
N_N_VL4_VA_N_N_VL2,1.14556556166083309669,1
N_N_VL4_N_VL4_N_N,1.14510383431327266945,1
N_N_VL4_N_VA_N_IV,1.14430028992921080015,1
N_VA_N_IV_N_N_VL8,1.14417005622678412818,1
N_VA_N_VA_N_N_VL4,1.14361997215112641573,1
N_N_VL8_IV_N_N_VA,1.14347597779953244551,1
N_N_VL4_N_VL2_N_IV,1.14328484826616648689,1
N_N_VL4_N_VL4_N_VL4,1.14297855956983631487,1
N_N_VL4_N_VL8_IV_N,1.14163971138503320743,1
N_VA_N_VA_N_IV_N,1.14124572357413814249,1
N_N_VL4_N_VL4_N_VL8,1.14038743585698249309,1
N_VA_N_N_VL8_IV_N,1.13929272393682645643,1
N_N_VL8_IV_N_N_N,1.13915104273886669638,1
N_VA_N_VA_N_N_VL8,1.13889273867661710530,1
N_N_VL4_N_N_N_IV,1.13857460448684419863,1
N_VA_N_N_VL4_VA_N,1.13822010045623579502,1
N_N_VL4_N_N_N_N,1.13800947250188746966,1
N_VA_N_N_VL8_N_VA,1.13795023565391056158,1
N_N_VL8_N_VA_N_N,1.13726999523738110767,1
N_N_VL4_N_VA_N_N,1.13718306244112459750,1
N_VA_N_IV_N_N_IV,1.13672229748710844495,1
N_N_VL4_N_VL2_N_N,1.13596793926418006207,1
N_N_VL4_N_VL4_N_VA,1.13585953261020951981,1
N_N_VL4_N_VL2_N_VL2,1.13583440593436313482,1
N_N_VL4_N_N_IV_N,1.13581222462512670777,1
N_N_VL8_N_VL2_N_IV,1.13456750772916946524,1
VL2_N_N_VL4_N_VL4_N,1.13407815966184745435,1
VL2_N_N_N_N_VL2_N,1.13353136109898203102,1
N_N_VL4_N_VL4_VA_N,1.13339706397103260112,1
N_N_VL8_N_N_N_VL4,1.13333288016230702287,1
N_N_VL4_N_VL2_VA_N,1.13151699926557576007,1
N_VA_N_VA_N_N_VL2,1.13136535252732691958,1
N_N_VL4_N_VL8_N_N,1.13115380176274468064,1
N_VA_N_IV_N_N_VL4,1.13102173321648171611,1
N_N_VL4_N_VL2_N_VA,1.13064537930098209812,1
N_N_VL8_N_VA_N_VL8,1.13009233504452253889,1
N_N_VL4_IV_N_N_VA,1.12931103953580368051,1
N_N_VL4_N_N_N_VA,1.12873967004421986820,1
N_VA_N_N_IV_N_VA,1.12787868542660280402,1
N_VA_N_N_IV_N_N,1.12786974103447360504,1
N_VA_N_N_IV_N_IV,1.12709432354577112113,1
N_N_VL8_IV_N_N_VL8,1.12704605483946394341,1
N_N_VL8_N_VA_VA_N,1.12694170084486493629,1
N_N_VL8_N_N_N_VL8,1.12683303483354491979,1
N_N_VL2_N_VL4_VA_N,1.12672902214774365005,1
N_N_VL4_N_VL2_N_VL8,1.12642945782542044352,1
N_N_VL4_N_VA_N_VL8,1.12632651197526235075,1
N_N_VL8_N_VA_N_IV,1.12612009054150947946,1
N_N_VL4_N_VL8_N_VA,1.12600005624567074047,1
N_VA_N_N_VA_N_VL4,1.12587404467369022200,1
N_N_VL8_N_VL4_IV_N,1.12483821870629197924,1
N_N_VL8_N_VA_N_VL2,1.12350210886155630858,1
N_N_VL2_N_N_N_VL8,1.12322201018820775635,1
N_N_VL4_VA_N_VA_N,1.12240362907150246216,1
N_VA_N_VA_N_VA_N,1.12192979220436096925,1
N_N_VL8_N_VA_IV_N,1.12165484953741903346,1
N_N_VL8_N_VL8_N_IV,1.12143978484788892213,1
N_N_VL4_N_VA_N_VL4,1.12051382628097179528,1
N_VA_N_VA_N_N_IV,1.12047393414492369662,1
N_N_VL2_VA_N_IV_N,1.11878446675463358385,1
N_VA_N_IV_N_N_VA,1.11851654033006327541,1
N_N_VL2_N_N_N_VA,1.11763394464649150414,1
N_N_VL4_N_IV_VA_N,1.11752096885951876112,1
N_N_VL8_IV_N_N_VL2,1.11730159951757380894,1
N_N_VL8_N_N_N_N,1.11695785740248755443,1
N_VA_N_N_N_IV_N,1.11674395253728080053,1
N_N_VL8_N_VA_N_VA,1.11646897479009210177,1
N_N_VA_VA_N_N_VL4,1.11640245342737564352,1
N_VA_N_N_VL8_N_VL2,1.11622098094496955221,1
N_N_VL4_IV_N_N_VL4,1.11543605194260249866,1
N_N_VL8_N_IV_N_N,1.11534130069617368268,1
N_N_VL2_N_N_N_IV,1.11499442325954195460,1
N_N_VL8_VA_N_N_VL2,1.11482847696876473899,1
N_N_VL4_IV_N_N_VL2,1.11409532223514702052,1
N_VA_N_N_N_N_VL4,1.11399293340716642520,1
N_N_VL2_N_N_N_VL4,1.11390881677218731474,1
N_VA_N_VL2_N_N_IV,1.11390542799616370042,1
N_N_VL4_VA_N_N_VL4,1.11363399584033098297,1
N_N_VL2_N_IV_VA_N,1.11331121391618355931,1
N_N_VL8_N_VL2_N_VA,1.11294063157954927521,1
N_VA_N_VL2_N_N_N,1.11249708175935240254,1
N_VA_N_IV_N_VA_N,1.11246512615328659006,1
N_N_VL8_IV_N_VA_N,1.11235871971228915042,1
N_VA_N_N_IV_VA_N,1.11232704700694684284,1
N_N_VL8_VA_N_N_VL4,1.11213071593477095245,1
N_VA_N_N_VL4_N_VL4,1.11105298035266890721,1
N_VA_N_N_VL2_VA_N,1.11052316934499230365,1
N_N_VL8_N_VL4_N_VL4,1.11047225650581670806,1
N_VA_N_N_VA_N_N,1.11020117178095454680,1
N_N_VL8_N_VL8_VA_N,1.11013649341611346750,1
N_N_VL2_N_VL8_N_VA,1.10977401230876401778,1
N_N_VL8_N_VL2_N_VL8,1.10971267584521554006,1
N_N_VL4_N_VL8_N_VL2,1.10947580648442040163,1
N_N_VL8_N_VA_N_VL4,1.10882588902332848601,1
N_VA_N_IV_N_IV_N,1.10847636196377465398,1
N_VA_N_IV_N_N_VL2,1.10802288748441395130,1
N_N_VL8_N_IV_N_VL4,1.10721892044922136925,1
N_N_VL8_N_VL8_IV_N,1.10694199600445424376,1
N_N_VL2_N_VL4_N_VL8,1.10670116909737042557,1
N_N_VL2_N_VL2_VA_N,1.10642804555066923657,1
N_VA_N_N_VL8_N_N,1.10636081936769385038,1
N_N_VL2_N_N_VA_N,1.10567096454556247148,1
N_N_VL8_N_N_VA_N,1.10553159537784615673,1
N_VA_N_N_VA_IV_N,1.10540245214403693462,1
N_N_VL2_N_VL8_N_VL4,1.10524673772627565808,1
N_N_VL8_N_IV_N_IV,1.10522803420504295109,1
N_N_VL2_N_N_IV_N,1.10501472854840780438,1
N_VA_N_N_VL2_IV_N,1.10487298557112756651,1
N_N_VL4_VA_N_N_VL8,1.10425636599209149486,1
N_N_VL8_N_N_IV_N,1.10391893444127778400,1
N_N_VL2_VA_N_N_VL8,1.10389646023778546795,1
N_N_VL8_N_IV_N_VL8,1.10348200656596346265,1
N_N_VL4_N_N_N_VL4,1.10310700765109573040,1
N_N_VL8_VA_N_N_VL8,1.10288927045204688833,1
N_N_VL2_N_VL8_VA_N,1.10258625339586805288,1
N_VA_N_N_N_N_VA,1.10252573587572540012,1
N_N_VL2_N_VL8_IV_N,1.10233455043397210662,1
N_N_VL8_IV_N_N_IV,1.10232027117463461512,1
N_N_VL2_VA_N_N_VL4,1.10194086411880472655,1
N_N_VL2_IV_N_N_VL4,1.10189980918329225716,1
N_VA_N_N_VL2_N_VL2,1.10151699206223765860,1
N_VA_N_N_IV_N_VL2,1.10145605264925206717,1
N_N_VL8_N_IV_VA_N,1.10144652759955193954,1
N_VA_N_N_N_VA_N,1.10040412000465794773,1
N_N_VL2_VA_N_N_IV,1.09991845491732682658,1
N_N_VL8_N_VL8_N_VL4,1.09974693498517037121,1
N_VA_N_N_N_N_IV,1.09964704814229870250,1
N_VA_N_N_VL2_N_IV,1.09955609133127029546,1
N_VA_N_N_VL4_IV_N,1.09949847692475739165,1
N_N_VL8_N_VL8_N_N,1.09938965603729486049,1
N_VA_N_N_VL2_N_VL8,1.09924757474374789538,1
N_N_VA_VA_N_N_VL8,1.09900559875755491720,1
N_N_VL2_N_VL4_N_VL2,1.09819028088629243678,1
N_VA_N_IV_N_VL2_N,1.09754014557899487826,1
N_N_VL8_VA_N_N_VA,1.09752104347816246255,1
N_N_VL4_VA_N_IV_N,1.09740768126785544681,1
N_N_VL2_N_VL8_N_IV,1.09703758776595394558,1
N_VA_N_N_IV_IV_N,1.09652128307559406119,1
N_N_VL4_N_N_VA_N,1.09650859416620265486,1
N_N_VL4_IV_N_IV_N,1.09600362223584120148,1
N_VA_N_N_N_N_VL2,1.09594233042890464034,1
N_VA_N_N_VL2_N_VL4,1.09535199591073113109,1
N_N_VL8_VA_N_N_IV,1.09521645000830902633,1
N_N_VL4_VA_N_N_IV,1.09515366836021522458,1
N_N_VL8_N_VL2_IV_N,1.09489540216563240798,1
N_VA_N_N_VA_N_IV,1.09464735772988612389,1
N_N_VL8_N_VL2_N_N,1.09461435043301987427,1
N_VA_N_N_VA_N_VA,1.09451061248096183977,1
N_N_VL8_N_VL2_VA_N,1.09427428032858119622,1
N_VA_N_N_VL4_VL2_N,1.09404910468104162426,1
N_N_VL4_VA_N_N_N,1.09362330744143104718,1
N_N_VL4_N_N_N_VL8,1.09362246224954280408,1
N_N_VL2_IV_N_N_N,1.09330929962666072883,1
N_N_VL8_VA_N_N_N,1.09278691727193323480,1
N_VA_N_N_IV_N_VL8,1.09270258948414596790,1
N_VA_N_N_N_N_VL8,1.09266052731094752403,1
N_N_VL2_N_VL2_N_VL8,1.09194449226952655071,1
N_N_VA_VA_N_VA_N,1.09188139633183641927,1
N_N_VL4_N_VL4_N_VL2,1.09177964055065185376,1
N_N_VL4_N_IV_N_VL8,1.09174824687561627699,1
N_N_VL8_VA_N_VA_N,1.09171330327208260052,1
N_N_VL8_VA_N_IV_N,1.09169277994708119200,1
N_N_VL2_N_VL4_N_VL4,1.09140265174739356749,1
N_N_VL4_N_N_N_VL2,1.09136715324209793484,1
N_N_VL2_N_N_N_VL2,1.09108457106473615525,1
N_N_VL8_N_VL4_N_IV,1.09083465382773146520,1
N_N_VL4_N_VL8_N_VL4,1.09072958471960871666,1
N_N_VL8_VA_N_VL2_N,1.09063178642159887183,1
N_N_VL4_IV_N_VA_N,1.09042772085399248684,1
N_N_VL8_N_VL4_N_VL8,1.09042504946655120937,1
N_VA_N_N_VA_N_VL2,1.09015512186925534680,1
N_N_VL4_N_IV_VL2_N,1.09011174240771160494,1
N_N_VL2_N_VL2_N_N,1.09004662159749298484,1
N_N_VL4_VL2_N_N_IV,1.08994063504543721286,1
N_N_VL2_N_N_N_N,1.08971991768276756275,1
N_VA_N_N_VL4_N_VA,1.08961211084525070806,1
N_VA_N_N_VL8_N_VL8,1.08934106920919659498,1
N_N_VL8_N_VL2_N_VL2,1.08837388600006054338,1
N_N_VL4_N_VA_IV_N,1.08831865612119206657,1
N_VA_N_N_IV_N_VL4,1.08805034112336207468,1
N_N_VL8_N_VL4_N_VL2,1.08608994156727855645,1
N_N_VL8_N_VL8_N_VL8,1.08594069206530911249,1
N_N_VL4_IV_N_N_IV,1.08567735932319786558,1
N_N_VL8_IV_N_IV_N,1.08514375236823584986,1
N_VA_N_N_VL4_N_VL8,1.08507382598820620639,1
N_N_VL8_N_VL2_N_VL4,1.08505633271950994682,1
N_N_VL4_IV_N_N_N,1.08500779616970874340,1
N_VA_N_N_N_N_N,1.08477056014746125017,1
N_N_VL4_VL2_N_N_VL4,1.08451514434681672685,1
N_N_VL2_N_VA_VA_N,1.08310371783434907011,1
N_N_VL8_N_N_N_IV,1.08279869907345130092,1
N_N_VL8_N_VL4_VA_N,1.08233120352932211258,1
N_N_VL8_N_VL4_N_N,1.08189120146561293255,1
N_N_VL4_N_VL8_N_VL8,1.08170765344456596369,1
N_N_VL2_N_VA_N_IV,1.08147577248059173263,1
N_N_VL4_N_VL8_VA_N,1.08135792035515745526,1
N_N_VL8_VL2_N_N_VL2,1.08075420523998634303,1
N_N_VL8_VL2_N_N_VL4,1.08057726508306258364,1
N_N_VL8_N_IV_IV_N,1.08033050621881335671,1
N_N_VL2_N_IV_N_VL8,1.08032750540912471220,1
N_N_VL2_N_IV_N_VL2,1.08021840863883083427,1
N_N_VL2_VA_N_N_N,1.08017344129117955084,1
N_N_VL2_VA_N_VA_N,1.07967868218556440311,1
N_N_VL2_N_VA_N_N,1.07937892129117767629,1
N_N_VL8_VL2_N_N_VL8,1.07849642691976727955,1
N_N_VL2_IV_N_IV_N,1.07841931947360397636,1
N_VL2_N_VA_N_N_VL8,1.07782244277677904945,1
N_VA_N_N_VL8_VL2_N,1.07722313968757411389,1
N_N_VL2_N_VA_N_VL4,1.07608809825536515368,1
N_N_VL2_IV_N_VA_N,1.07522638684293598359,1
N_N_VA_VA_N_N_VL2,1.07488207676743201475,1
N_N_VL4_VL2_N_VA_N,1.07474214433967130068,1
N_VA_N_N_VA_VA_N,1.07425528088007227165,1
N_N_VL4_IV_N_N_VL8,1.07407461182544295019,1
N_N_VL2_VA_N_N_VA,1.07381643041210974925,1
N_N_VL2_N_IV_N_VL4,1.07374552991354656319,1
N_N_VA_VA_N_N_VA,1.07374182000827846404,1
N_VL8_N_N_VL8_N_VL2,1.07363259169793331394,1
N_N_VL2_N_VL2_IV_N,1.07356393861742178525,1
N_VA_N_N_VL4_N_N,1.07354529829751175962,1
N_N_VL2_N_IV_N_VA,1.07329465937846736730,1
N_N_VL2_N_VL8_N_N,1.07289599594426793133,1
N_N_VL2_IV_N_N_VL8,1.07258210306498889964,1
N_N_VL8_N_VL8_N_VL2,1.07196384893534743074,1
N_N_VL8_N_VL4_N_VA,1.07156126131892679438,1
N_N_VL4_N_IV_N_VL2,1.07114227270318253873,1
N_VA_N_N_VL4_N_IV,1.07040428935970441907,1
N_N_VL8_IV_N_VL2_N,1.06944019788755348460,1
N_N_VL8_N_VL8_N_VA,1.06937961990508231874,1
N_N_VL2_N_IV_N_IV,1.06918461537873022506,1
N_N_VL2_N_VL2_N_VL4,1.06879157030210199138,1
N_VA_N_N_VL2_N_N,1.06812806028375126579,1
N_N_VL2_N_VA_IV_N,1.06759275666567743051,1
N_VA_N_N_VA_N_VL8,1.06737003912134202496,1
N_N_VL2_N_IV_IV_N,1.06713352867453622538,1
N_N_VL2_N_VL8_N_VL8,1.06681417133134934820,1
N_N_VL2_IV_N_N_IV,1.06598143417117486028,1
N_N_VL4_VL4_N_N_IV,1.06595373366885657492,1
N_VL4_N_VA_N_N_VA,1.06593379373353508069,1
N_N_VL2_N_VA_N_VL8,1.06567894036743193067,1
N_N_VL2_N_VL4_N_VA,1.06526295714430855677,1
N_N_VL2_VL4_N_IV_N,1.06467470446690485588,1
N_N_VL2_N_VL8_N_VL2,1.06412427694080367681,1
N_N_VL4_N_VL2_VL2_N,1.06360363430902877450,1
N_N_VL4_N_IV_N_VL4,1.06356873209320363497,1
N_N_VL4_VL2_N_N_VL2,1.06105818790640122327,1
N_N_VL2_IV_N_N_VA,1.06104624643150862727,1
N_VL2_N_N_N_IV_N,1.06045777958242236590,1
N_N_VL2_N_VL4_IV_N,1.05988889744975987227,1
N_N_VL2_IV_N_N_VL2,1.05966214577871740499,1
N_VA_N_N_IV_VL2_N,1.05928094923290862891,1
N_N_VL4_N_IV_N_IV,1.05924041339723729019,1
N_N_VL2_N_VL2_N_IV,1.05848238394007908488,1
N_N_VL2_N_VA_N_VA,1.05773924479144458756,1
N_N_VL8_VL2_N_N_IV,1.05641379053564195398,1
N_VL8_N_N_N_N_VL2,1.05439662130651608335,1
N_N_VL2_N_VA_N_VL2,1.05428056566940442531,1
N_N_VL2_N_VL4_VL2_N,1.05354487660274459195,1
N_N_VL8_VL4_N_N_VL8,1.05293088791089393752,1
N_VL8_N_N_IV_VA_N,1.05275326584718341093,1
N_N_VL8_VL2_N_N_N,1.05235603970017451770,1
N_N_VL2_N_IV_N_N,1.05166971264478947970,1
N_N_VA_VL2_N_VA_N,1.05043846338792118424,1
N_N_VL4_VL4_N_IV_N,1.05038953935751456105,1
N_VL4_N_N_IV_VA_N,1.05035054168831641782,1
N_N_VL8_VL8_N_IV_N,1.04979087187785095486,1
N_VA_N_N_VL4_N_VL2,1.04957629033107479752,1
N_N_VL4_N_VA_VL2_N,1.04920097384624799924,1
N_N_VA_VA_N_N_IV,1.04905073848914523809,1
N_VL8_N_N_VA_N_N,1.04856119341187689595,1
N_N_VL4_VL8_N_N_N,1.04821686662764687886,1
N_N_VL2_N_VL4_N_N,1.04805609446575101062,1
N_N_N_VA_N_N_IV,1.04741848925004876609,1
N_N_VL2_N_VL4_N_IV,1.04731484554850979348,1
N_N_N_N_VL8_N_VL8,1.04609228038870085799,1
N_N_VL4_N_VL8_VL2_N,1.04598688824778889790,1
N_N_VL2_N_VL2_N_VA,1.04513918683799778935,1
N_N_VA_VL4_N_N_VL4,1.04511389151851282020,1
N_N_VL4_N_N_VL2_N,1.04465176908947729616,1
N_N_VL4_VL2_N_VL2_N,1.04431456579599334374,1
N_VL2_N_N_VL4_N_IV,1.04377377171422433894,1
N_N_N_N_N_N_VA,1.04340921220853864545,1
N_VL2_N_N_IV_N_VL8,1.04297271063975539966,1
N_N_VA_VL4_N_N_IV,1.04282918593876255635,1
N_N_VL4_VL2_N_N_VL8,1.04252749258804474655,1
N_N_VL8_VL4_N_N_VL2,1.04245417457831901658,1
N_N_VL8_VL4_N_N_IV,1.04239315011474311997,1
N_N_N_IV_N_N_VL8,1.04237124718751913065,1
N_N_VA_VL4_N_N_VL2,1.04227153060131768796,1
N_N_VL2_N_VL2_N_VL2,1.04213625490553392682,1
N_VL8_N_N_N_N_VA,1.04207529902818640032,1
N_N_VL8_N_VL2_VL2_N,1.04166462767862264440,1
N_VL8_N_N_IV_N_VA,1.04142443934426425275,1
N_N_VL4_VL2_N_IV_N,1.04035415503174659200,1
N_VL4_N_N_VL8_N_VA,1.03965775130376996187,1
VA_N_N_N_VL4_N_VL4,1.03954234059553931224,1
N_N_VL4_VL4_N_N_VL2,1.03930365795182737051,1
N_N_VL4_N_IV_N_N,1.03925116934278985428,1
N_N_VL2_VL4_N_N_N,1.03879207929966478652,1
N_N_N_N_VL4_N_VL8,1.03871846093460152378,1
N_VL4_N_IV_N_N_VL4,1.03836774807500260904,1
N_N_VL2_N_IV_VL2_N,1.03834543656120824503,1
N_N_VA_IV_N_N_VL4,1.03795522162126847545,1
N_N_VL8_VL4_N_IV_N,1.03791027830322719341,1
N_VL8_N_N_N_VA_N,1.03790841821781384967,1
N_N_VA_VL4_N_N_VL8,1.03777491644980987986,1
N_VL4_N_VA_N_IV_N,1.03714034461695025276,1
N_N_VL8_N_VL8_VL2_N,1.03711254277999716288,1
N_N_VA_VL4_N_N_N,1.03684902165573415254,1
N_VA_N_N_VL2_VL2_N,1.03678030298387422973,1
N_VL8_N_N_N_IV_N,1.03663661470268976282,1
N_VL4_N_N_IV_N_VL4,1.03649523905641596173,1
N_N_VL8_VL8_N_N_N,1.03645784157340525103,1
N_N_VA_VL2_N_IV_N,1.03639286971503865178,1
N_N_VL2_VA_N_N_VL2,1.03626789734612278004,1
N_N_VA_N_N_N_N,1.03622641918716028179,1
N_N_VA_N_VL4_N_VL4,1.03610574526852597490,1
N_N_VL2_N_VL8_VL2_N,1.03495799161220255402,1
N_VL4_N_N_VL8_N_N,1.03494146995613098584,1
N_VL4_N_N_IV_N_VA,1.03483332457354923803,1
N_VL2_N_N_IV_VA_N,1.03414653823962634789,1
N_N_VL4_N_VL4_VL2_N,1.03410143460192539272,1
N_VL2_N_N_VL8_IV_N,1.03334156955332782134,1
N_VL4_N_N_VA_N_N,1.03326390775273324116,1
N_VL2_N_N_VL8_N_VL8,1.03284350151914509196,1
VA_N_N_N_VL8_N_N,1.03253898553784749788,1
N_N_VL8_VL8_N_N_IV,1.03246717464530795863,1
N_N_VA_VL2_N_N_VA,1.03214592239317926528,1
N_N_VL4_VL4_N_N_VL4,1.03176021035006524728,1
N_VL4_N_N_VA_N_VA,1.03168531219758267227,1
N_VL2_N_N_VA_N_IV,1.03161936219338423195,1
N_N_IV_N_IV_N_VL4,1.03110269020961659135,1
N_N_VL2_VL2_N_N_VL2,1.03048436712163192368,1
N_N_VA_IV_N_VA_N,1.03044840969099160444,1
VA_N_N_N_VL2_VA_N,1.03023054783862339957,1
N_VL4_N_VA_N_N_VL4,1.03001369521374025933,1
N_N_VL8_N_VA_VL2_N,1.02996305070328501448,1
N_VA_N_N_N_VL2_N,1.02990576866933579379,1
N_N_VL4_VL8_N_N_VL8,1.02983532757574051910,1
N_VL4_N_VA_N_N_N,1.02963063971439732178,1
VA_N_N_N_VA_N_VA,1.02930729339342313755,1
N_N_N_N_VL8_N_VL4,1.02890799585225895570,1
N_N_VL4_VL4_N_N_VL8,1.02886060512498917967,1
N_N_VL8_N_VL4_VL2_N,1.02881775373953327206,1
N_N_VL4_VL8_N_IV_N,1.02872421618199837378,1
N_N_VA_IV_N_N_VL2,1.02859130310260851770,1
N_VL8_N_IV_N_N_VL4,1.02837571103117056331,1
N_VL4_N_N_VL8_N_IV,1.02800330630180180390,1
N_VL2_N_N_VA_IV_N,1.02747181845775496350,1
N_VA_N_N_VA_VL2_N,1.02741646695148384002,1
N_VL8_N_N_VA_N_IV,1.02715461637072272101,1
N_VL8_N_N_VL8_N_VA,1.02711050972085980616,1
N_N_VA_VL8_N_N_VL4,1.02692166975036537368,1
N_VL2_N_N_VL2_N_N,1.02642335004745922723,1
N_N_IV_N_VL8_N_VA,1.02620688713094621494,1
N_VL2_N_N_VL2_N_VL4,1.02613599405426424512,1
N_VL4_N_N_VL2_N_N,1.02613209340579000634,1
N_IV_N_N_VA_N_VL8,1.02551819650490831342,1
IV_N_N_N_VA_N_IV,1.02537809635774860485,1
N_IV_N_N_VL8_N_N,1.02530501196393539808,1
VA_N_N_IV_N_N_IV,1.02497040582313972658,1
N_N_VL4_VL4_N_N_N,1.02438316835052744454,1
VA_N_N_N_VA_N_N,1.02396896599044661642,1
N_N_VL8_N_IV_N_VA,1.02389174439376345779,1
N_N_IV_N_VL4_N_VL8,1.02336605070987589092,1
N_VL8_N_N_N_N_VL8,1.02326234678682375581,1
N_VL4_N_IV_N_IV_N,1.02273419822400033975,1
N_N_N_N_IV_VA_N,1.02184224259154194455,1
VA_N_N_N_IV_N_VL4,1.02180443789855564285,1
N_N_IV_IV_N_N_IV,1.02171373474991646021,1
N_N_VA_VL2_N_N_VL4,1.02166462915763347534,1
N_IV_N_N_VA_VA_N,1.02161797753441609207,1
N_N_VL2_VL2_N_N_IV,1.02150188537487282678,1
N_VL8_N_N_VL4_N_VL4,1.02136624179173381923,1
N_VL8_N_N_N_N_N,1.02123064813326677880,1
N_N_VL4_VL8_N_N_VL4,1.02120304380481320460,1
IV_N_N_N_VA_N_N,1.02099086638518391413,1
N_N_VA_N_VL8_N_IV,1.02095523717858147011,1
N_VL4_N_N_IV_N_VL8,1.02081798339070316556,1
VL2_N_N_VL2_N_VL8_N,1.02076630102442508030,1
N_VL8_N_N_VL4_VA_N,1.02059533658691328398,1
N_N_VA_N_VA_N_VA,1.02055145583849404999,1
IV_N_N_N_VL4_N_VL8,1.02043791299618691733,1
N_N_VL8_N_N_VL2_N,1.02042309425854191241,1
VA_N_N_N_VL2_N_VL2,1.02034765125096794529,1
N_N_VL8_VL8_N_VA_N,1.02030843714025095685,1
N_N_VL2_VL4_N_N_VA,1.02024815970959649033,1
N_N_VA_N_VL4_N_N,1.02014216116094328524,1
N_N_IV_N_VL2_N_VL8,1.02005863652854588416,1
N_N_N_N_N_VA_N,1.02003807832541088751,1
N_N_VA_N_N_N_VL2,1.01998811870964318826,1
N_VL8_N_N_VA_N_VA,1.01985989416824328628,1
N_N_IV_N_VL2_IV_N,1.01982570054663512844,1
N_IV_N_N_VA_N_IV,1.01973361984013396044,1
N_N_VL4_VL8_N_N_VA,1.01960404309786175114,1
N_N_IV_N_IV_N_VL2,1.01956371261429726767,1
N_N_VA_N_N_N_VL8,1.01950417911983292696,1
N_N_VA_VA_N_VL2_N,1.01950094081538780564,1
N_VL4_N_N_VA_N_VL2,1.01947120573474089121,1
N_VL4_N_N_IV_N_N,1.01946882450882861285,1
N_VL8_N_N_VL4_N_IV,1.01920631349916035921,1
N_VL2_N_N_VA_VA_N,1.01918397759314040760,1
N_N_IV_N_VA_N_N,1.01905292507040692420,1
N_VL2_N_N_VL4_N_VL8,1.01900505098708835305,1
N_N_IV_N_VL2_N_N,1.01886034842542703732,1
N_N_VL2_VA_N_VL2_N,1.01878267294651705868,1
N_N_IV_IV_N_N_VA,1.01857440962425832238,1
N_N_VA_VL4_N_IV_N,1.01833883474138801822,1
N_N_VL8_VL8_N_N_VL8,1.01782665124975901798,1
N_N_VL4_VL8_N_VL2_N,1.01778954594723692299,1
VA_N_N_IV_N_N_N,1.01724482072071461717,1
N_VL2_N_N_IV_N_VL4,1.01702426983970349631,1
N_VL4_N_N_VL8_N_VL8,1.01702118058579819580,1
N_N_N_N_VL4_IV_N,1.01699838182873198566,1
N_VL2_N_N_VL2_N_IV,1.01691570439885939925,1
VA_N_N_N_VL2_N_IV,1.01641547956898212241,1
N_N_VL8_VL4_N_N_N,1.01639679203556863113,1
N_N_N_N_VA_IV_N,1.01612840560114096145,1
N_N_VA_VL2_N_N_N,1.01609624215950389846,1
N_N_IV_N_N_N_VL8,1.01603773231098494410,1
N_IV_N_IV_N_IV_N,1.01603449075542011748,1
N_N_VL4_VL4_N_VA_N,1.01600831130678265673,1
N_N_VL8_VL8_N_N_VA,1.01593142328537002764,1
N_N_VA_N_N_N_IV,1.01575402885799391250,1
N_N_VL4_IV_N_VL2_N,1.01565933042820968802,1
N_VL4_N_N_N_N_VL8,1.01538816914964166754,1
N_IV_N_N_VL8_IV_N,1.01529697733844510439,1
N_VL4_N_VA_N_N_VL8,1.01524383453512962608,1
N_VL4_N_N_VL4_N_VL4,1.01498341217407686290,1
N_N_VA_VL8_N_VA_N,1.01485181718457312301,1
N_N_VA_VL2_N_N_VL8,1.01449173699476033138,1
N_VL2_N_N_VA_N_VL8,1.01442443363550664582,1
N_N_IV_VA_N_IV_N,1.01438241501580662382,1
N_N_VL8_VL2_N_IV_N,1.01427966642927937421,1
N_N_VL2_VL4_N_N_IV,1.01418372039265592262,1
N_N_IV_N_VL2_N_VA,1.01400962739599416881,1
N_N_IV_VA_N_N_VL8,1.01399201757284081956,1
N_N_VL4_VA_N_VL2_N,1.01353934874771248010,1
N_N_N_N_IV_N_VL8,1.01343471446036445054,1
N_VL4_N_VA_N_VA_N,1.01330740203108843311,1
N_VL8_N_N_VL4_IV_N,1.01263693841621055811,1
N_VL4_N_N_IV_IV_N,1.01258822292952986068,1
N_VL4_N_N_VL2_N_IV,1.01213001551536366030,1
VA_N_N_N_VL2_N_VL4,1.01212406708355643643,1
N_VL4_N_N_N_VA_N,1.01206048720011784852,1
IV_N_N_N_VL2_N_N,1.01153774885348377725,1
N_N_VL4_VL8_N_VA_N,1.01116004374163321811,1
VA_N_N_N_VL8_N_IV,1.01108136833812043397,1
N_N_N_N_VL4_N_N,1.01105688147294728706,1
N_N_N_IV_N_N_IV,1.01087316446007165447,1
VA_N_N_N_IV_N_VL8,1.01066902546946702336,1
VA_N_N_N_VL4_N_VL2,1.01053010037339405885,1
N_VL8_N_IV_N_N_VL2,1.01051703846296710900,1
N_IV_N_N_VA_N_N,1.01017662204786122040,1
N_N_N_N_VL8_N_IV,1.01017613675800548021,1
N_VL8_N_IV_N_IV_N,1.01011494861788418963,1
VA_N_N_IV_N_N_VA,1.01009384605231057175,1
N_N_VL8_VL8_N_N_VL2,1.00996787706851884687,1
N_VA_N_VL2_N_IV_N,1.00965244979594585405,1
N_VL4_N_N_VL4_N_IV,1.00950763491156818021,1
N_VL8_N_N_N_N_IV,1.00948586474191780230,1
N_N_VA_N_VL8_VA_N,1.00926061797810731962,1
N_VL2_N_N_VL8_N_VA,1.00908781718604701065,1
VA_N_N_N_VL2_N_N,1.00895602258906437373,1
N_N_VA_N_VA_IV_N,1.00892418265253606246,1
N_N_VA_N_VL4_N_IV,1.00880988083135691881,1
N_VL2_N_N_VA_N_VL4,1.00880925889764012183,1
N_N_VL8_VL2_N_VA_N,1.00865879609143321605,1
N_N_VL2_IV_N_VL2_N,1.00826908370398561435,1
N_VL2_N_N_VL2_N_VL2,1.00803729353626646085,1
N_VL4_N_N_VL2_VA_N,1.00785119592497544294,1
N_N_N_VA_N_N_VL4,1.00754170474252610815,1
N_VL8_N_N_VA_IV_N,1.00718139333732198661,1
N_VL8_N_N_VL8_VA_N,1.00715705668761961275,1
N_N_VA_VL2_N_VL2_N,1.00706284553955495065,1
N_N_VA_N_VL2_IV_N,1.00697560584155962888,1
N_VL8_N_N_VL8_N_VL4,1.00623388620276795617,1
N_N_VA_N_VA_VA_N,1.00599888581297207742,1
N_VL8_N_VL2_N_N_VL2,1.00549972681788377613,1
N_N_VL2_VL2_N_IV_N,1.00534970599111476691,1
N_VL4_N_N_VL8_IV_N,1.00510440064236460176,1
N_VL4_N_N_VA_N_VL4,1.00493929267487108965,1
N_N_N_N_VL8_VA_N,1.00493359453751333717,1
N_VL2_N_N_VL2_IV_N,1.00491430124541822466,1
VA_N_N_N_VL4_N_VA,1.00489078090349912409,1
N_N_N_N_VA_N_VA,1.00464346097635549964,1
VA_N_N_N_N_N_IV,1.00429309076581642792,1
N_IV_N_N_IV_N_IV,1.00424816222977962566,1
N_VL8_N_N_IV_N_VL8,1.00418923632124581072,1
N_N_IV_N_N_VA_N,1.00417253958882421875,1
N_VL8_N_IV_N_N_VL8,1.00415806625004777900,1
IV_N_N_N_VL4_IV_N,1.00399057426464891172,1
N_VL4_N_VL4_N_N_IV,1.00367369103268311876,1
N_N_N_N_VA_N_IV,1.00363972801748285964,1
N_N_IV_N_N_N_VL4,1.00362578486404501089,1
N_N_VL2_VL8_N_VA_N,1.00327936965945216444,1
N_N_N_IV_N_VA_N,1.00321625868124467559,1
N_VL4_N_N_VA_IV_N,1.00307454513923964437,1
N_N_VA_VL4_N_N_VA,1.00295637193837090653,1
N_N_VL2_VL4_N_N_VL2,1.00272708252473969257,1
N_N_VL2_N_VL2_VL2_N,1.00268489906168910515,1
N_N_N_N_VL4_N_VL4,1.00260675285063838044,1
N_VL8_N_N_VA_N_VL8,1.00248266883089838885,1
N_VL4_N_N_VL8_N_VL4,1.00246637048368302230,1
N_VL8_N_IV_N_VA_N,1.00245185249270314907,1
N_N_IV_N_VL8_N_N,1.00234229664779408779,1
N_N_VA_VL8_N_IV_N,1.00206375210394038289,1
N_N_IV_VA_N_N_VL4,1.00167966903886059346,1
N_N_N_N_VL8_IV_N,1.00153628944735600442,1
N_N_IV_N_VA_IV_N,1.00151078269071839855,1
N_N_VA_VL4_N_VA_N,1.00136775449347031364,1
N_VL4_N_N_N_N_VA,1.00134769766368697026,1
N_VL2_N_VA_N_IV_N,1.00115841511915489904,1
N_N_N_VA_N_IV_N,1.00095235824900923305,1
N_N_VL2_VL2_N_N_VL8,1.00090122294672700962,1
N_VL8_N_N_VL2_VA_N,1.00063380953250826614,1
N_N_VA_N_N_VA_N,1.00054452328010619141,1
N_VL8_N_N_VL8_N_N,1.00053180944497211805,1
N_N_N_N_IV_N_IV,1.00023529390373780445,1
N_N_N_N_N_N_N,1.00000000000000000000,1
N_N_VA_N_VL2_N_VL8,.99978165823361937577,1
N_VL2_N_N_IV_N_N,.99945565841691904187,1
VA_N_N_N_VL4_N_VL8,.99937301203158504025,1
N_N_VL8_VL8_N_N_VL4,.99897322669236668302,1
N_N_VL8_VL4_N_VA_N,.99879353082063642492,1
N_IV_N_N_IV_N_VA,.99869267243744539370,1
N_IV_N_VA_N_N_VL8,.99866099380933700364,1
VA_N_N_N_N_N_VA,.99849939382770044096,1
N_VL4_N_N_VL8_VA_N,.99847397948640129338,1
IV_N_N_N_IV_N_VL8,.99844979375003821892,1
N_N_VA_VL8_N_N_N,.99798255034546260486,1
N_N_N_N_N_N_VL8,.99786944397229834769,1
N_N_N_N_VL4_N_VL2,.99772133506580465134,1
VA_N_N_N_IV_N_N,.99760933620649666199,1
N_N_IV_N_VL2_N_IV,.99720664896760383997,1
IV_N_N_N_N_N_VL4,.99715422738474306357,1
N_N_IV_VA_N_N_VA,.99715077375986190251,1
N_VL4_N_IV_N_N_VL8,.99713428374899446312,1
N_N_VL2_VL2_N_N_VA,.99679307865202547700,1
N_VL8_N_VL2_N_VA_N,.99675271988433144184,1
N_N_VL2_N_VA_VL2_N,.99610635215974204217,1
VA_N_N_IV_N_N_VL4,.99554097047322802455,1
N_N_VA_VL8_N_N_VL8,.99552970493307073579,1
IV_N_N_N_N_IV_N,.99531139101890022878,1
N_VL2_N_VA_N_N_N,.99525050013523193807,1
N_N_VL2_VL4_N_VA_N,.99518334851445905165,1
VA_N_N_VA_N_VA_N,.99518320325544409138,1
N_N_N_N_IV_N_VL4,.99517048225163030740,1
N_VL8_N_N_VL4_N_VL8,.99506228323466630664,1
N_VL4_N_N_VL2_N_VA,.99506033152002873452,1
N_VA_N_VL4_N_N_VL2,.99498482342468053852,1
N_N_IV_N_N_VL2_N,.99493442799978913312,1
N_N_IV_IV_N_VA_N,.99493312572366692247,1
N_VL2_N_N_VA_N_VA,.99468716007100140910,1
N_VL8_N_IV_N_N_VA,.99461813666363078082,1
N_N_VL8_VL4_N_N_VL4,.99457065139580774463,1
N_N_VL2_VL4_N_N_VL8,.99442744046382613923,1
N_VL4_N_VL2_N_N_VL2,.99431990168711236137,1
N_VL2_N_N_N_N_IV,.99422578561900310851,1
N_N_IV_N_VL8_N_VL8,.99373948512230358355,1
N_VL2_N_VA_N_N_VA,.99372624799755812291,1
N_N_IV_IV_N_IV_N,.99370283811043548590,1
VA_N_N_VA_N_N_VL2,.99334008857351190018,1
N_N_N_N_VL2_IV_N,.99325212546137618261,1
N_VL2_N_N_N_N_VL8,.99295787944990394477,1
N_N_VL8_N_IV_VL2_N,.99292404184096668239,1
VA_N_N_N_N_VA_N,.99284112710129090958,1
N_N_N_N_VL2_N_N,.99272707843106045241,1
N_VL2_N_IV_N_IV_N,.99272104489766095836,1
N_N_IV_N_IV_N_VA,.99262514018086028193,1
N_VL2_N_VL2_N_N_IV,.99216552525167084347,1
N_VL2_N_N_IV_N_IV,.99201798707611594859,1
N_N_N_IV_N_N_VA,.99166178547987355657,1
N_VL4_N_IV_N_VA_N,.99158493719301392360,1
N_VL4_N_N_IV_N_IV,.99155520232236646082,1
N_N_N_N_VA_VA_N,.99139833337515251673,1
VA_N_N_VL2_N_N_VL4,.99121928221857262868,1
N_VL4_N_N_VA_VA_N,.99105963837063499204,1
N_VL4_N_N_N_N_N,.99097525174252336089,1
N_N_N_N_VA_N_VL2,.99094955994309031871,1
N_N_VA_N_N_N_VA,.99085767132633553864,1
N_IV_N_N_IV_N_VL4,.99073311693185928625,1
N_N_VL4_VL8_N_N_IV,.99060354335698576192,1
N_N_IV_VL4_N_N_N,.99059438456805984719,1
IV_N_N_N_VA_N_VL4,.99054301998460760176,1
N_N_VL8_VL4_N_N_VA,.99037992979089593355,1
VA_N_N_N_IV_VA_N,.99007742975017383451,1
N_VL2_N_IV_N_N_VL8,.98995714832275021555,1
N_N_VL8_VL4_N_VL2_N,.98991757421065017979,1
VA_N_N_N_VL4_IV_N,.98983371072251010387,1
N_IV_N_N_VL2_IV_N,.98970838618535112188,1
N_VA_N_VA_N_VL4_N,.98966833134813599268,1
N_N_VL8_VL2_N_N_VA,.98966257653411156581,1
N_N_IV_VA_N_N_IV,.98945549565735861119,1
N_IV_N_N_VL4_N_VL2,.98899238110558986013,1
N_N_VA_VL8_N_N_VA,.98889806688335574714,1
N_IV_N_N_VL4_IV_N,.98870684430225789729,1
N_N_N_N_VL4_N_IV,.98863883948420665905,1
N_IV_N_IV_N_N_VL8,.98848669610651875085,1
N_IV_N_IV_N_N_N,.98848267908052717463,1
VA_N_N_N_N_IV_N,.98834100534397081768,1
N_VL8_N_VL2_N_N_VL8,.98831263249172293544,1
N_N_VA_VL2_N_N_IV,.98785568092813745239,1
N_IV_N_N_VL8_N_IV,.98778893367402944433,1
N_N_VL2_VL8_N_N_VL4,.98761250813838742413,1
N_N_IV_VA_N_VA_N,.98759349271709429541,1
N_N_IV_N_N_IV_N,.98739832407712039926,1
IV_N_N_N_VL4_N_VL4,.98728742635482408277,1
IV_N_N_N_VA_IV_N,.98684681131279636840,1
N_IV_N_N_VL4_N_VL8,.98683259071955234247,1
VA_N_N_N_N_N_N,.98665009666838483373,1
N_VL8_N_N_N_N_VL4,.98643570703215653911,1
N_N_IV_N_VL4_VA_N,.98619997607536029637,1
N_N_N_N_VA_N_N,.98619322625820880447,1
N_N_IV_IV_N_N_VL2,.98619071049985209142,1
N_N_N_VA_N_N_VA,.98616526186182638315,1
N_IV_N_VA_N_N_VA,.98542009683912402394,1
N_VL4_N_N_VL4_N_VL2,.98522341556825043538,1
N_N_VA_N_VA_N_VL2,.98491774700424585066,1
N_N_VA_IV_N_N_IV,.98474053319823338010,1
N_N_VA_N_VA_N_VL8,.98455491732877989988,1
N_N_VL2_VL4_N_N_VL4,.98446158320075493151,1
N_VL2_N_N_N_N_N,.98372603036542562748,1
N_VL4_N_N_VA_N_IV,.98367397788899619257,1
N_N_N_IV_N_N_VL4,.98357772349131849686,1
N_VL2_N_N_IV_N_VA,.98333448388576242688,1
N_IV_N_VA_N_N_VL4,.98302026676989122678,1
N_N_VA_IV_N_N_VL8,.98300570959274152964,1
N_N_VL2_VL8_N_N_IV,.98279754983438951345,1
N_N_VL4_VL4_N_N_VA,.98277551914642770479,1
N_VL8_N_N_VL8_N_VL8,.98265413197462125788,1
N_N_VL2_N_IV_VL4_N,.98245023933098495332,1
N_VL8_N_N_VL4_N_VA,.98195671688677714296,1
N_N_VA_N_VL4_IV_N,.98183964716928792974,1
N_VL8_N_N_VA_VA_N,.98162262110187753839,1
N_N_VA_N_VL2_N_N,.98153756442518423138,1
N_N_VA_N_VL4_VA_N,.98129989499259484216,1
N_VL8_N_N_IV_N_N,.98125444530283254436,1
N_VL8_N_N_VL2_N_VL8,.98101751177380991783,1
VA_N_N_N_VL4_N_IV,.98095158058949541108,1
N_VL4_N_N_VL4_N_VA,.98081696350573106175,1
N_N_VA_N_IV_N_VA,.98078281746689051874,1
IV_N_N_N_N_N_IV,.98038740074848128921,1
N_VL4_N_N_N_IV_N,.98033983787229418998,1
N_N_IV_N_VL4_N_IV,.97990255437372188047,1
N_N_IV_N_VA_N_VL2,.97969559999513368108,1
VA_N_N_IV_N_N_VL2,.97932198389876206138,1
N_VL2_N_N_VL8_N_N,.97915478873306430661,1
N_N_IV_N_VL4_N_VL4,.97906584340220561150,1
N_VL4_N_N_IV_N_VL2,.97891635297889402252,1
N_VL2_N_N_N_N_VA,.97883731964727882878,1
N_VL4_N_N_VL8_N_VL2,.97880068620544931083,1
N_VL2_N_N_VL2_N_VA,.97879148462915953264,1
N_N_VL4_VL2_N_N_VA,.97876695077668028787,1
N_IV_N_VA_N_N_IV,.97876338491212402435,1
N_VL8_N_IV_N_N_N,.97862507070873722465,1
N_IV_N_N_IV_N_N,.97858626333605269974,1
VA_N_N_N_VL8_N_VL8,.97838952848259538514,1
N_N_N_N_IV_N_N,.97823337991174848567,1
IV_N_N_N_VL4_N_N,.97803956521266452535,1
N_VL2_N_N_VL4_N_VL4,.97772892629338270582,1
N_N_N_N_VL2_N_VA,.97769586798125243845,1
N_IV_N_N_VL8_N_VL8,.97765374215991005609,1
N_VL2_N_N_VL4_N_VA,.97764377625517547313,1
N_IV_N_N_VL8_N_VL2,.97761396046703829766,1
IV_N_N_IV_N_N_IV,.97752541162914067500,1
N_N_IV_N_VL8_VA_N,.97748201165259861332,1
N_VL8_N_N_VA_N_VL4,.97746860109820605138,1
N_N_VL4_N_IV_N_VA,.97658748374902450417,1
N_IV_N_N_N_N_VL4,.97654353336707428279,1
N_VL2_N_IV_N_N_IV,.97616314792244671079,1
N_N_N_N_IV_N_VL2,.97605246448633939145,1
N_N_IV_N_VL4_N_N,.97600578911547638854,1
N_N_IV_N_VL8_N_VL4,.97598846481449616056,1
N_N_VL4_VL8_N_N_VL2,.97591847319538739310,1
N_N_VA_N_VL2_N_IV,.97588355204817862307,1
N_N_VA_VL8_N_N_VL2,.97576378303478733509,1
N_IV_N_N_VL8_VA_N,.97539797969440894709,1
VA_N_N_N_VL8_N_VL4,.97539387172031579433,1
N_N_IV_IV_N_N_VL4,.97539171309211068634,1
N_N_VA_N_VL4_N_VA,.97536558197478890598,1
N_VL8_N_N_VL8_N_IV,.97534069740405928663,1
N_N_N_N_VL2_N_VL2,.97481874823211659109,1
N_N_IV_N_N_N_N,.97481199704110027210,1
N_VL2_N_IV_N_N_N,.97473941444685979525,1
N_N_N_IV_N_IV_N,.97417749021779654146,1
N_N_N_N_N_IV_N,.97415573462926157406,1
N_VA_N_VL4_N_N_N,.97411989781126908167,1
N_VL2_N_N_VA_N_N,.97398102921804791407,1
N_N_VA_N_VA_N_VL4,.97336485927805936416,1
N_VL2_N_N_VL2_N_VL8,.97330414196954336363,1
N_N_VA_VL8_N_N_IV,.97325167307447153285,1
N_VL8_N_N_VL8_IV_N,.97313358455190691816,1
N_N_VA_VA_N_N_N,.97277753094614460717,1
N_N_IV_N_IV_VA_N,.97216445541406548959,1
N_IV_N_N_VL4_N_VA,.97207620011486544397,1
N_N_VL4_VL4_N_VL2_N,.97166197248266159934,1
N_N_VL8_N_VL2_VL4_N,.97138458601886997753,1
VA_N_N_N_N_N_VL8,.97132515124070712750,1
N_N_VL4_N_VA_VL8_N,.97128352019580703690,1
N_N_N_IV_N_N_VL2,.97125528389573162784,1
N_N_VL2_VL8_N_N_VL2,.97120369383946574016,1
N_N_N_VL4_N_N_VL4,.97115106132193558657,1
N_VL4_N_N_VL2_IV_N,.97115067568000362153,1
N_N_IV_N_VA_N_VL4,.97094485366863285649,1
N_VL2_N_N_VL4_IV_N,.97063469718751474709,1
N_VL8_N_N_VL2_IV_N,.97058757135300760407,1
N_N_VL4_N_VL2_VL4_N,.97040980725729231398,1
N_VL8_N_N_IV_N_VL4,.97040220669341339129,1
N_N_VL2_VL8_N_N_N,.97037378724777386138,1
N_N_VA_IV_N_N_N,.97031299058369751494,1
N_N_N_N_VL4_N_VA,.97028905775344041392,1
N_IV_N_N_VL2_N_IV,.97021119373654717659,1
N_N_VL4_N_VL4_VL4_N,.97010027060472723426,1
N_N_N_N_N_N_IV,.96986679854206988898,1
N_N_IV_N_N_N_IV,.96979802700869772721,1
IV_N_N_VA_N_VA_N,.96950544631903919303,1
N_N_VA_N_VL2_VA_N,.96927135226135331589,1
N_VL8_N_VL2_N_N_VA,.96920283214153608717,1
N_IV_N_N_VL2_VA_N,.96913188596982572863,1
N_N_VA_N_IV_N_VL8,.96912359578312237300,1
N_IV_N_N_VL8_N_VA,.96906755308276226208,1
N_N_N_N_IV_IV_N,.96900036798796288095,1
N_VL2_N_N_VL8_N_VL4,.96896430648091659799,1
VA_N_N_N_VL2_IV_N,.96889575049030033315,1
N_N_VA_N_VL2_N_VL4,.96856909535406180265,1
N_N_VA_N_VL4_N_VL2,.96854402478484951584,1
N_VL4_N_VL8_N_VA_N,.96840347560132838673,1
N_IV_N_N_IV_IV_N,.96823734998132956398,1
N_N_IV_N_VL2_N_VL4,.96822470229040108537,1
N_VL2_N_IV_N_N_VA,.96809350121091754038,1
N_N_VA_N_IV_IV_N,.96795680555151727194,1
N_N_IV_VL4_N_N_VL8,.96786427890387569112,1
N_N_VA_VL2_N_N_VL2,.96776579659133015015,1
N_VL2_N_N_VL4_VA_N,.96765990982713954644,1
N_VL2_N_VL8_N_N_VL4,.96749753174259031174,1
N_VL2_N_N_IV_IV_N,.96745956858076015423,1
VA_N_N_N_VA_VA_N,.96722019119633387752,1
N_VL8_N_IV_N_N_IV,.96721599381754535537,1
N_N_IV_N_VA_N_IV,.96697918679061059580,1
N_VL2_N_N_N_N_VL2,.96691677240322822127,1
VA_N_N_N_VL4_N_N,.96658768377565783590,1
N_N_VA_N_VA_N_N,.96626103914161634848,1
N_IV_N_VA_N_N_N,.96589977668713567459,1
N_N_VA_N_IV_N_VL4,.96585139713816386699,1
N_VL4_N_VA_N_N_IV,.96542568745197522573,1
IV_N_N_IV_N_VA_N,.96523845247893146106,1
N_N_IV_N_VL4_N_VL2,.96512982467738612419,1
N_N_VA_IV_N_VL2_N,.96488840213674986973,1
VA_N_N_N_VL2_N_VL8,.96469348355074282184,1
N_N_VL2_VL8_N_N_VL8,.96461584088614118780,1
N_N_VA_VL4_N_VL2_N,.96459895165321066490,1
N_N_N_VA_N_N_N,.96459442135354600253,1
N_N_VL8_N_VL8_VL8_N,.96449764934673945281,1
N_N_IV_N_VL2_VA_N,.96413777219279214870,1
N_N_IV_VL2_N_N_VL4,.96412094100928560140,1
VA_N_N_N_VL8_VA_N,.96401678376324313243,1
N_VL4_N_N_N_VL2_N,.96385925743096550678,1
VA_N_N_N_VA_N_IV,.96374798202789281975,1
N_N_VL8_VL8_N_VL2_N,.96350544096529710216,1
N_IV_N_N_N_N_VL8,.96349021206509981234,1
VA_N_N_N_N_N_VL2,.96341312804350769188,1
IV_N_N_N_IV_N_IV,.96339282821585421961,1
N_N_VA_IV_N_IV_N,.96338283124669873933,1
N_N_VA_N_VL2_N_VA,.96331609178922371007,1
VA_N_N_N_VA_N_VL8,.96291190951539272072,1
N_IV_N_N_N_IV_N,.96268841285137208390,1
N_VL2_N_N_VL8_VA_N,.96253352121856363155,1
N_IV_N_N_VA_N_VA,.96244153029024321318,1
N_VL4_N_VA_N_VL2_N,.96227791697851729298,1
N_VL8_N_VA_N_N_N,.96224340140287852110,1
N_N_VL4_N_VL4_VL8_N,.96210303531747156843,1
N_N_IV_N_VL4_IV_N,.96180471549451791897,1
N_N_IV_N_VA_VA_N,.96168571558116724898,1
IV_N_N_IV_N_N_VA,.96165173569344767674,1
N_VL4_N_IV_N_VL2_N,.96163739761644704871,1
N_N_VL2_N_VA_VL8_N,.96159692778772975613,1
N_VL8_N_N_VA_N_VL2,.96149933048239023369,1
N_VL4_N_IV_N_N_IV,.96145816766441265452,1
N_N_N_N_N_N_VL4,.96143190065634288445,1
IV_N_N_N_VL4_N_IV,.96129469751268812485,1
VA_N_N_VL4_N_N_N,.96108913965704258821,1
IV_N_N_N_N_N_VL8,.96103035461816390294,1
N_N_IV_VA_N_N_N,.96099840558508980952,1
N_N_N_N_IV_N_VA,.96048648474985864020,1
VA_N_N_N_IV_IV_N,.96027936863182754181,1
N_N_VL8_N_VL8_VL4_N,.96014229549909192104,1
N_VL2_N_N_VL8_N_IV,.95979243042545033058,1
IV_N_N_N_VL8_N_VL2,.95968077803958629587,1
VA_N_N_N_N_N_VL4,.95963778978175790656,1
N_VL4_N_N_N_N_IV,.95946776553081641105,1
N_N_VL2_VL8_N_N_VA,.95941332082890563772,1
N_N_IV_IV_N_N_N,.95877702886015720896,1
N_N_VL8_IV_N_VL4_N,.95836199697490671126,1
N_N_N_N_VL4_VA_N,.95833473145504317387,1
N_N_VL2_VL4_N_VL2_N,.95832183705158213434,1
N_IV_N_N_N_VA_N,.95830364506297604606,1
VA_N_N_N_VL8_N_VA,.95805600762477526513,1
N_N_VA_IV_N_N_VA,.95803182099816763859,1
N_IV_N_N_N_N_N,.95797439030177625276,1
N_N_N_VA_N_N_VL8,.95793111430843262626,1
N_VA_N_N_VL8_VL4_N,.95775020953021576856,1
N_N_IV_N_VL8_IV_N,.95772432206582628294,1
N_VL4_N_N_VL4_VL2_N,.95755737746290620154,1
N_N_N_VA_N_N_VL2,.95714294863473484931,1
VA_N_N_N_IV_N_VL2,.95708168556594229994,1
N_VL8_N_N_VA_VL2_N,.95682547906821055076,1
IV_N_N_N_VL4_N_VA,.95674456962933414534,1
N_IV_N_VA_N_IV_N,.95673702092247458778,1
N_N_N_N_VA_N_VL8,.95671876497616147489,1
N_VL8_N_N_VL2_N_IV,.95658936402092982980,1
N_N_N_N_VL8_VL2_N,.95639652748738522938,1
IV_N_N_N_VL4_VA_N,.95638958796840613869,1
N_VA_N_VL2_N_N_VL2,.95615973216511166481,1
N_N_VL8_N_VA_VL4_N,.95611057428831517637,1
N_N_N_VL4_N_N_IV,.95572983447480681783,1
N_VL4_N_IV_N_N_N,.95571529490181832886,1
N_VL2_N_N_VL4_N_N,.95553224739687296345,1
N_N_N_IV_N_N_N,.95528263712130306559,1
N_N_VA_N_VA_N_IV,.95503925414168025754,1
N_VL4_N_N_VA_N_VL8,.95495255668387844866,1
N_VL8_N_N_VL4_N_N,.95491905701585383613,1
N_N_IV_N_VL4_N_VA,.95485072344062444400,1
N_N_IV_N_N_N_VA,.95470147886416741586,1
N_N_N_VL2_N_N_VA,.95464003984675880354,1
N_N_IV_N_IV_N_IV,.95447996693673194298,1
N_N_VL2_N_VL8_VL4_N,.95409226284750794115,1
N_N_VA_N_IV_N_N,.95408214644690753854,1
N_VL4_N_N_VL4_N_N,.95404810909537540359,1
N_N_VL4_N_VL8_VL4_N,.95395628488793765562,1
N_IV_N_IV_N_VA_N,.95392369226322878700,1
VA_N_N_N_IV_N_VA,.95377844081155167753,1
N_VL4_N_VL2_N_N_VA,.95372432048379651852,1
N_IV_N_VL2_N_N_VA,.95366060006958886508,1
N_N_IV_VL8_N_N_VA,.95352318529861084267,1
N_N_VL4_VL2_N_N_N,.95343331251453381944,1
N_N_IV_N_IV_N_VL8,.95316076936923674189,1
VA_N_N_IV_N_VA_N,.95309840811623368756,1
N_IV_N_N_N_N_VL2,.95308366790791158587,1
N_N_IV_VL8_N_IV_N,.95291276767380199476,1
N_VL2_N_N_N_VA_N,.95285926811734012611,1
IV_N_N_VL4_N_N_VL8,.95285813822241447521,1
N_N_VA_N_VL4_N_VL8,.95267555819835357612,1
N_IV_N_VL4_N_IV_N,.95262741737209872934,1
N_VL2_N_N_VL8_N_VL2,.95234270752361787635,1
N_N_VL2_IV_N_VL4_N,.95229522305232903123,1
N_VL4_N_VL4_N_N_VA,.95226271360249668351,1
IV_N_N_VA_N_IV_N,.95219180991442957881,1
N_N_N_VA_N_VA_N,.95204954273387438448,1
N_N_VL4_VL2_N_VL4_N,.95196844811413260486,1
N_VL2_N_VA_N_N_VL4,.95177449660407184809,1
N_N_N_VL8_N_N_VL2,.95135097397160836111,1
N_N_IV_N_VA_N_VL8,.95122914566550543994,1
N_VA_N_N_VL4_VL4_N,.95093732307651662325,1
N_VL4_N_N_VL2_N_VL4,.95082269862624484456,1
VA_N_N_IV_N_VL2_N,.95077121934639396794,1
N_N_N_IV_N_VL2_N,.95076507434840999459,1
N_N_N_VL4_N_VA_N,.95067258153671953307,1
N_VA_N_VL8_N_N_VL4,.95067124593800199580,1
N_N_IV_N_VL8_N_VL2,.95038644345755433880,1
N_N_VL4_N_IV_VL8_N,.95020202238719276898,1
N_N_N_N_VL8_N_N,.95011859415308272366,1
N_VL8_N_N_IV_N_VL2,.95011025093179133232,1
N_VL2_N_VA_N_N_IV,.95004808560770301542,1
N_N_N_VL2_N_N_N,.95003217398852564384,1
N_N_N_N_N_N_VL2,.94990435681655525895,1
N_VL2_N_VL2_N_N_VL8,.94988291593960998070,1
VA_N_N_VL2_N_IV_N,.94942927528171386692,1
IV_N_N_N_VL4_N_VL2,.94908184609890837830,1
N_IV_N_N_VA_IV_N,.94904448171865321962,1
N_N_VL8_VL2_N_VL2_N,.94870853465237714623,1
N_VA_N_N_N_VL4_N,.94816124644084703737,1
N_VL2_N_VA_N_VA_N,.94805602269270535015,1
IV_N_N_N_VL2_N_IV,.94796670221573061331,1
IV_N_N_N_IV_N_N,.94791573539341556404,1
N_VL4_N_N_N_N_VL4,.94756193439544194832,1
N_N_VL2_N_VL2_VL4_N,.94751208843432528409,1
N_VL4_N_N_VL2_N_VL2,.94744657220683621900,1
N_IV_N_IV_N_N_VL4,.94726812579505490181,1
N_N_IV_VA_N_N_VL2,.94702634158508314832,1
N_N_VA_N_VL8_IV_N,.94697665956881077892,1
IV_N_N_N_VL2_N_VL8,.94665731169391312964,1
N_VL2_N_N_IV_N_VL2,.94650993832851765725,1
N_VL4_N_N_VL4_N_VL8,.94648014586412456527,1
N_VL2_N_N_VA_N_VL2,.94647211924088721138,1
N_VL4_N_VL2_N_N_IV,.94626466672412318760,1
N_N_VL8_N_VL4_VL4_N,.94624106382469536321,1
N_IV_N_VA_N_VA_N,.94621377332083168548,1
N_VL8_N_IV_N_VL2_N,.94599674690276770368,1
IV_N_N_N_VL2_N_VL4,.94598750345092756045,1
N_N_VL2_VL8_N_IV_N,.94552683058397031801,1
N_N_VA_N_N_IV_N,.94547436770144103938,1
IV_N_N_N_IV_N_VL4,.94545606427744381089,1
N_VA_N_VL8_N_N_VL2,.94498440269715677680,1
N_N_IV_N_VA_N_VA,.94470407575934654364,1
N_IV_N_N_VL2_N_N,.94461227852915528376,1
VA_N_N_VA_N_N_VA,.94404480513886471870,1
IV_N_N_N_IV_IV_N,.94393018286228945783,1
VA_N_N_N_VL8_IV_N,.94390109111133773882,1
N_N_VL2_N_N_VL2_N,.94386937793846144507,1
N_N_VL4_N_IV_VL4_N,.94377782597910641796,1
N_VL8_N_VL4_N_IV_N,.94370612584838505591,1
N_VL4_N_N_VL2_N_VL8,.94337733865253152424,1
N_VL4_N_VA_N_N_VL2,.94310172362797028224,1
N_N_VA_N_IV_VA_N,.94270798132997935625,1
VA_N_N_VA_N_N_IV,.94259203675488849175,1
N_N_IV_VL4_N_N_VA,.94247451983473796080,1
IV_N_N_N_N_VA_N,.94246288562130096143,1
N_VA_N_VL4_N_N_VL8,.94219153898451135877,1
IV_N_N_N_VL2_N_VL2,.94202948792937636340,1
VA_N_N_VA_N_N_VL4,.94202250883033846186,1
VA_N_N_IV_N_IV_N,.94197888342374383950,1
N_IV_N_N_VL4_N_VL4,.94176554136214246187,1
VA_N_N_N_IV_N_IV,.94094720532630079109,1
VA_N_N_VL8_N_N_VL8,.94044298074727134671,1
IV_N_N_N_VA_VA_N,.94023068933360797891,1
N_IV_N_VL2_N_N_VL4,.93970170739544478260,1
N_VA_N_VL2_N_N_VL4,.93964188551018895810,1
N_VL4_N_IV_N_N_VA,.93949538967660874653,1
N_N_IV_N_IV_IV_N,.93923340996170245747,1
N_VA_N_N_IV_VL4_N,.93914383113686531394,1
N_VA_N_VA_N_VL8_N,.93877334035405661908,1
N_N_VL4_N_VL2_VL8_N,.93865482153734391204,1
IV_N_N_N_IV_N_VL2,.93849858042981113247,1
VA_N_N_VL2_N_N_N,.93797212972894342302,1
N_VL2_N_IV_N_VA_N,.93791247701902771460,1
N_VL8_N_VL4_N_N_VL4,.93789221328534331990,1
N_N_IV_IV_N_N_VL8,.93786627205808562460,1
VA_N_N_N_VL2_N_VA,.93783975566853880555,1
N_N_N_N_VA_N_VL4,.93773806086484374121,1
N_IV_N_N_VA_N_VL4,.93771366208329031430,1
N_VA_N_N_VL2_VL4_N,.93762286662450616024,1
N_VL8_N_VA_N_N_VA,.93719148564762918814,1
IV_N_N_N_VL2_N_VA,.93695625133101537119,1
N_VL2_N_VL2_N_N_N,.93675379128502735421,1
VA_N_N_VL8_N_N_VL4,.93648394814111175742,1
N_VL8_N_VL2_N_N_VL4,.93606397505514974400,1
VA_N_N_N_VA_N_VL2,.93605773636097092890,1
VA_N_N_IV_N_N_VL8,.93579564032334330820,1
N_N_VA_N_VL2_N_VL2,.93567402770736192280,1
N_VL4_N_VL8_N_N_VA,.93537727776961575639,1
N_VL8_N_VL4_N_N_VL2,.93505479405731276547,1
N_IV_N_N_VL2_N_VA,.93448206080790475906,1
N_VL2_N_IV_N_N_VL2,.93400383638870361014,1
N_N_VL2_N_VL4_VL4_N,.93396300717987193244,1
N_VL8_N_VA_N_N_IV,.93377048805454210481,1
N_N_N_N_N_VL2_N,.93352373463311145169,1
N_IV_N_N_VL2_N_VL2,.93331076890980834158,1
IV_N_N_IV_N_N_VL8,.93330104001445432111,1
N_N_N_VL2_N_N_VL2,.93324418442667328081,1
N_N_VL8_VA_N_VL8_N,.93311122196936267755,1
N_VL4_N_N_VL4_IV_N,.93299570497624743042,1
IV_N_N_IV_N_IV_N,.93291265968662193659,1
N_N_VA_N_IV_N_IV,.93289280868630632563,1
N_IV_N_N_N_N_IV,.93245961982921291236,1
N_N_VL2_VL2_N_VA_N,.93243599149916696246,1
N_N_IV_N_N_N_VL2,.93216612342543457087,1
N_VL4_N_N_VL4_VA_N,.93175098176332203059,1
N_VL4_N_VL2_N_N_VL8,.93155930783226232837,1
N_VL8_N_VL2_N_N_N,.93145874099877772633,1
VA_N_N_VA_N_N_N,.93144645557037652946,1
VA_N_N_VL2_N_N_VA,.93138169250412432453,1
N_N_IV_N_N_VL4_N,.93135803973738978127,1
VA_N_N_N_VL4_VA_N,.93125082892727427719,1
N_N_VA_N_N_N_VL4,.93120543406103674979,1
N_N_VL4_IV_N_VL4_N,.93120151453868895477,1
N_VL8_N_VL8_N_IV_N,.93118955769428426682,1
N_VL8_N_VL4_N_N_VA,.93086072707950896396,1
N_N_IV_VL4_N_VA_N,.93051879393690461637,1
IV_N_N_VA_N_N_VL4,.93049967578186598732,1
N_VL8_N_VL4_N_N_IV,.93049095780993118542,1
N_N_VA_N_N_VL2_N,.93031736738429809686,1
N_IV_N_N_VL2_N_VL4,.93023607505361029159,1
N_N_VL8_VA_N_VL4_N,.92981884234661305750,1
N_N_IV_N_VA_VL2_N,.92976041041618655982,1
N_N_VL8_VL4_N_VL4_N,.92951690818691477295,1
VA_N_N_VL8_N_IV_N,.92949233823540207378,1
N_N_IV_N_VL2_N_VL2,.92942428565635381272,1
N_VA_N_N_VL8_VL8_N,.92910218097458833094,1
N_VL2_N_VL2_N_IV_N,.92886522206467779226,1
N_IV_N_N_VL8_N_VL4,.92872294295297389833,1
N_VL2_N_IV_N_N_VL4,.92868169825117947638,1
N_N_VL4_N_N_VL4_N,.92859826363448698101,1
VA_N_N_N_VL8_N_VL2,.92840370499941265338,1
VA_N_N_VL2_N_N_VL2,.92829277834547386604,1
N_N_VA_N_IV_VL2_N,.92826358164963959614,1
N_IV_N_VL2_N_N_VL8,.92814758472253565363,1
N_N_VA_N_IV_N_VL2,.92812903288161549492,1
N_N_N_VA_N_VL2_N,.92801800151840940917,1
N_VL8_N_N_VL2_N_VA,.92794584575951141354,1
N_VL4_N_VL4_N_N_N,.92790379181169730015,1
N_IV_N_N_N_N_VA,.92747238790370726217,1
N_N_VL8_N_IV_VL8_N,.92731613019230211922,1
N_IV_N_VL2_N_N_N,.92729897020550231231,1
N_VL2_N_N_IV_VL2_N,.92728581400877352145,1
N_IV_N_IV_N_N_VA,.92713727330063858135,1
N_IV_N_IV_N_N_VL2,.92675120114201422512,1
N_IV_N_VA_N_N_VL2,.92672996251195664215,1
N_VA_N_N_VL2_VL8_N,.92644136596453484548,1
N_N_VL2_VL8_N_VL2_N,.92623867115907752944,1
N_VL2_N_N_N_VL2_N,.92600817059935070525,1
IV_N_N_N_VL2_VA_N,.92584547578690235223,1
IV_N_N_IV_N_N_VL4,.92584358042463641005,1
N_N_IV_VL8_N_N_IV,.92583421611550741319,1
N_N_N_N_VL2_N_VL4,.92507041371117207201,1
N_VA_N_VL4_N_N_VL4,.92459029864676020026,1
N_N_N_N_VL2_VA_N,.92455313953843027552,1
N_VL4_N_VL2_N_VA_N,.92451974619061935589,1
N_VA_N_VL4_N_N_VA,.92431360233864016881,1
N_VL2_N_N_N_N_VL4,.92419499731144141330,1
N_N_VL4_N_N_VL8_N,.92412209874458774577,1
N_N_N_N_VL4_VL2_N,.92389782686565609927,1
N_N_IV_VL4_N_N_VL4,.92371612209472386989,1
N_VL2_N_VL4_N_N_VL8,.92363267488780147110,1
N_N_VL2_VA_N_VL4_N,.92362285097752859976,1
N_VA_N_VL4_N_VA_N,.92350680550278502007,1
N_VL4_N_VL8_N_N_N,.92344712701410027746,1
N_N_VL4_N_VL8_VL8_N,.92294826544665954235,1
N_N_VL8_VL2_N_VL4_N,.92291547628280553842,1
N_N_IV_VL8_N_N_VL2,.92258293291835324835,1
N_N_VA_VL8_N_VL2_N,.92255330558383365540,1
N_N_N_VL4_N_N_VL2,.92238770824741096921,1
N_IV_N_N_VA_N_VL2,.92233512741006729487,1
VA_N_N_VA_N_N_VL8,.92230249710701275512,1
N_N_VL4_N_VA_VL4_N,.92224888830702212531,1
VA_N_N_VA_N_VL2_N,.92222713543282409986,1
N_IV_N_VL8_N_N_N,.92210650678589592910,1
IV_N_N_VA_N_N_IV,.92210464181753419814,1
N_VL8_N_N_N_VL2_N,.92206792029435946878,1
N_VL4_N_N_N_N_VL2,.92175106150102649759,1
N_VL4_N_VL4_N_N_VL4,.92175001928223197803,1
VA_N_N_VL2_N_N_IV,.92152853330143684471,1
VA_N_N_VL8_N_N_N,.92132935556940251603,1
N_VL8_N_N_IV_IV_N,.92126859450555000054,1
N_VL8_N_N_VL2_N_VL4,.92118907569569950521,1
N_N_VA_N_VL8_N_N,.92086722364018254931,1
N_VL2_N_VL4_N_IV_N,.92086373740134916851,1
N_N_VL8_N_N_VL8_N,.92085682718866151645,1
IV_N_N_IV_N_N_N,.92070270759426775219,1
N_VL4_N_VL8_N_N_VL4,.92055634363911067101,1
N_VL8_N_VA_N_N_VL4,.92047585755482384701,1
N_VL2_N_VL8_N_N_IV,.92036160101918788388,1
N_VL4_N_VL2_N_N_N,.92018286687721891379,1
N_VL8_N_N_VL2_N_VL2,.92012232090269108680,1
N_IV_N_N_VL2_N_VL8,.91979863609743302575,1
IV_N_N_N_VA_N_VL2,.91971838395572116783,1
IV_N_N_N_VL2_IV_N,.91964308311518031430,1
VA_N_N_VL2_N_N_VL8,.91940254213956483714,1
N_IV_N_N_VL4_N_IV,.91888354145170686273,1
N_VA_N_VL8_N_N_VL8,.91885791684757508018,1
N_N_N_VL2_N_VA_N,.91884377017168541037,1
N_N_VL2_VL2_N_N_N,.91871380999821216014,1
VA_N_N_N_VA_N_VL4,.91861030413002657716,1
N_N_VL2_N_N_VL4_N,.91860862204752032354,1
N_VL4_N_VL4_N_N_VL8,.91849632462787683017,1
N_N_VL4_VA_N_VL4_N,.91828664017532396851,1
IV_N_N_IV_N_N_VL2,.91816368293809202061,1
N_N_VL8_N_VL2_VL8_N,.91780972214208848053,1
IV_N_N_VL8_N_IV_N,.91778371188936912091,1
N_N_VL2_N_IV_VL8_N,.91777721844775298963,1
N_VA_N_VL8_N_N_VA,.91768256389859753334,1
N_N_IV_VL8_N_N_VL8,.91746337415067090343,1
N_N_IV_VL2_N_N_N,.91718578922925054615,1
N_VL2_N_IV_N_VL2_N,.91703579814890622941,1
N_IV_N_VA_N_VL2_N,.91678536353153335771,1
N_IV_N_N_VA_VL2_N,.91665090227699128614,1
N_IV_N_VL8_N_N_VL4,.91654672006337663235,1
N_VL4_N_VL2_N_N_VL4,.91534125225348192215,1
N_VL8_N_N_IV_VL2_N,.91501744261012694511,1
N_VA_N_VA_N_VL2_N,.91500734713496222522,1
N_VL8_N_VL8_N_N_N,.91500295252848875633,1
VA_N_N_VL2_N_VA_N,.91485166017827303137,1
N_N_VL4_VL4_N_VL4_N,.91481889141268952877,1
N_N_VL8_N_VL4_VL8_N,.91481465483691613911,1
N_VL2_N_N_VA_VL2_N,.91473827673914732495,1
N_N_VL2_N_VA_VL4_N,.91433974885420644751,1
N_N_VL8_IV_N_VL8_N,.91368494137671943738,1
N_N_IV_VL2_N_N_IV,.91350302344629379984,1
VA_N_N_VL4_N_N_VL8,.91318656336076159983,1
N_VL2_N_VL8_N_VL2_N,.91298389529040101291,1
VA_N_N_N_VA_IV_N,.91285196150713065546,1
N_IV_N_VL4_N_N_VA,.91265001941799209577,1
N_N_N_VL8_N_N_VL8,.91243871428422742615,1
N_VA_N_VL8_N_N_N,.91237212399356823792,1
N_IV_N_VL2_N_VA_N,.91231774342945101024,1
N_VL4_N_VL8_N_N_IV,.91229755699555833758,1
VA_N_N_VA_N_IV_N,.91216050374831494189,1
IV_N_N_N_N_N_VL2,.91208642241686313461,1
N_VL8_N_VL4_N_N_VL8,.91159147597221381099,1
N_VA_N_VL4_N_VL2_N,.91155744647570819461,1
N_VA_N_N_VA_VL4_N,.91057073508232512206,1
N_VA_N_VL8_N_IV_N,.91050487588454450316,1
N_N_VL8_N_N_VL4_N,.91028210564333913354,1
N_IV_N_N_VL4_VA_N,.91017781223705449583,1
N_VL8_N_VA_N_VA_N,.91007439305809056637,1
IV_N_N_N_VL8_VA_N,.91006572600683416701,1
N_N_IV_VL8_N_N_VL4,.90972394810847442391,1
N_N_VA_VL2_N_VL4_N,.90962681566807930007,1
N_N_N_VL8_N_IV_N,.90959137356156347101,1
N_VL4_N_N_N_VL4_N,.90957321046047344564,1
N_VL2_N_VA_N_N_VL2,.90949730430759521318,1
N_VL2_N_VL4_N_N_N,.90910222709873565319,1
IV_N_N_VA_N_N_VL8,.90864596702504376104,1
IV_N_N_N_VL4_VL2_N,.90860891161853527247,1
N_VA_N_N_VA_VL8_N,.90848272721365862479,1
N_VL8_N_VL8_N_N_VL4,.90840954278298996956,1
N_N_IV_VL2_N_N_VL2,.90838137803485809795,1
IV_N_N_N_IV_N_VA,.90817829111180512513,1
N_IV_N_N_VL4_VL2_N,.90808184027624459938,1
N_VL2_N_VL2_N_N_VA,.90793273624938371514,1
N_VL4_N_N_IV_VL2_N,.90792117348087845721,1
N_N_VL4_VA_N_VL8_N,.90773732620307738292,1
N_N_IV_VL2_N_VA_N,.90747523883434336379,1
N_N_N_VL2_N_N_IV,.90738146037317469726,1
N_N_N_VL2_N_IV_N,.90717831183669313018,1
N_IV_N_VL4_N_N_VL8,.90687217407093938380,1
N_IV_N_N_IV_N_VL8,.90651508689781051938,1
N_N_VL2_N_VL2_VL8_N,.90645197858166070298,1
N_N_IV_N_IV_N_N,.90617511254551375367,1
N_N_IV_VL8_N_N_N,.90603896397336185725,1
N_IV_N_VL4_N_N_N,.90595327198555658542,1
VA_N_N_VL4_N_VA_N,.90580577227978515696,1
N_VL2_N_VL8_N_IV_N,.90507341345145295298,1
N_N_IV_N_VL8_N_IV,.90482092521169661233,1
N_IV_N_VL4_N_N_VL4,.90478285127845676854,1
N_VL4_N_VL2_N_IV_N,.90423088472339196583,1
N_N_N_N_VL2_N_IV,.90374704586680952960,1
N_VA_N_N_N_VL8_N,.90371579010064899389,1
N_N_VA_N_VL4_VL2_N,.90364344059829460509,1
N_VA_N_VL4_N_IV_N,.90321002545557284988,1
N_N_VL2_VL4_N_VL4_N,.90318640416740656138,1
N_VL4_N_VL4_N_IV_N,.90301095099751432833,1
N_N_N_N_VL2_VL2_N,.90269277911457472013,1
IV_N_N_N_IV_VA_N,.90256192539242197825,1
N_N_IV_VL4_N_IV_N,.90143651287925702783,1
N_N_VL2_N_VL4_VL8_N,.90104487175749464235,1
VA_N_N_N_VL2_VL2_N,.90069636926267615193,1
IV_N_N_N_VL8_N_N,.90004602674028022258,1
N_N_VL2_VL8_N_VL8_N,.89988306190537856582,1
VA_N_N_VL4_N_VL2_N,.89981578696448170665,1
N_VL2_N_VA_N_VL4_N,.89972660339067411373,1
N_IV_N_IV_N_N_IV,.89963268029330998123,1
N_VL8_N_VL2_N_IV_N,.89947654435304806762,1
N_IV_N_VL4_N_N_IV,.89927054699965219568,1
N_VA_N_VL2_N_VL2_N,.89917911952869033693,1
N_N_N_VL4_N_N_VL8,.89903771131266656908,1
IV_N_N_VL4_N_N_N,.89888527776102833530,1
VA_N_N_N_N_VL2_N,.89829807136758918775,1
N_N_VL8_N_IV_VL4_N,.89819627095732429701,1
N_N_N_N_VL2_N_VL8,.89817747726922351938,1
N_VL2_N_VL2_N_N_VL4,.89745142047509418114,1
N_N_N_VL2_N_N_VL4,.89726977745077039707,1
N_N_N_VL8_N_VA_N,.89669301280626454460,1
N_VA_N_N_VL4_VL8_N,.89605286153209859365,1
N_N_VL4_VL4_N_VL8_N,.89576376768138287941,1
N_VL8_N_VA_N_N_VL2,.89568790958140634571,1
N_N_VL2_N_N_VL8_N,.89553795888604078317,1
N_N_N_VL2_N_N_VL8,.89522509812816669771,1
IV_N_N_N_VA_N_VL8,.89518461842516016787,1
N_VL8_N_VA_N_N_VL8,.89498301351307722389,1
N_VL8_N_VL8_N_N_VL2,.89491378713299428595,1
N_N_VL8_N_VA_VL8_N,.89442092431956080876,1
IV_N_N_VL4_N_IV_N,.89392195013950505231,1
N_VL8_N_N_VL2_VL4_N,.89351104491120339865,1
N_N_VA_N_VL2_VL2_N,.89348622154909774621,1
N_N_VA_VL4_N_VL4_N,.89348527242705207352,1
N_VL8_N_N_N_VL4_N,.89345303363404916822,1
N_N_VL8_VL8_N_VL4_N,.89275414676591462968,1
N_VA_N_IV_N_VL8_N,.89270283755938258083,1
N_VL2_N_N_VL4_VL2_N,.89267846815073271962,1
N_VL2_N_N_VL4_N_VL2,.89212535319519391831,1
N_IV_N_VL2_N_N_IV,.89175305499069655869,1
VA_N_N_VL4_N_N_IV,.89143637291501988618,1
N_VL2_N_N_VL8_VL2_N,.89138729509780618193,1
N_N_N_VL8_N_N_IV,.89121557322810148234,1
N_VL8_N_N_VL2_VL2_N,.89091962218119808449,1
N_N_IV_VL8_N_VA_N,.89090350233518286993,1
N_IV_N_VL4_N_VA_N,.89042924139776709714,1
N_VL8_N_VL8_N_VA_N,.89041223544896987390,1
N_IV_N_N_VL8_VL2_N,.89036843561247585985,1
N_N_VL2_VL8_N_VL4_N,.88941097517325462364,1
N_N_VA_N_VA_VL2_N,.88936740034147123374,1
VA_N_N_N_VL8_VL2_N,.88893460507360992862,1
IV_N_N_N_N_VL2_N,.88861215288774836149,1
VA_N_N_VL8_N_N_VA,.88778449216869498974,1
IV_N_N_N_VA_VL2_N,.88778114157735987506,1
N_IV_N_VL2_N_IV_N,.88747971289199950942,1
N_VL2_N_VL4_N_N_VL2,.88682050653669044210,1
VA_N_N_VL4_N_IV_N,.88666732173169658975,1
N_N_VA_VA_N_VL8_N,.88660032078357111505,1
N_VL8_N_N_VL8_VL2_N,.88647538293466648322,1
N_VL8_N_VA_N_IV_N,.88646637021579551478,1
N_N_IV_VL2_N_N_VA,.88612401042956834541,1
N_VL8_N_N_IV_N_IV,.88597233077873278455,1
N_VA_N_VL8_N_VA_N,.88581996892673237890,1
N_N_N_VL8_N_N_N,.88581960797085129731,1
IV_N_N_IV_N_VL2_N,.88551990689469942359,1
N_VA_N_N_IV_VL8_N,.88528669426729347756,1
N_N_IV_N_VL2_VL2_N,.88450397878547171512,1
N_VL4_N_VL4_N_VA_N,.88441968174043024236,1
N_VL2_N_VL4_N_N_VL4,.88425973346323077862,1
N_N_VA_VL8_N_VL4_N,.88421404880056820240,1
N_VL4_N_VL8_N_VL2_N,.88380141195045581038,1
N_N_N_VL8_N_N_VA,.88368885374511716410,1
N_VL4_N_N_VL4_VL8_N,.88332878655311158964,1
N_IV_N_VL8_N_N_VL8,.88332162190972077290,1
N_VL2_N_VL4_N_VA_N,.88324304213923625868,1
N_VL4_N_N_VL4_VL4_N,.88300048889220578623,1
N_VL8_N_N_VL4_N_VL2,.88286661048058110534,1
N_IV_N_VL8_N_IV_N,.88276587027183740378,1
N_VL4_N_N_VA_VL2_N,.88275030042190136664,1
N_N_VA_N_IV_VL8_N,.88243322170613448901,1
VA_N_N_VL4_N_N_VL4,.88205493137264475933,1
N_N_N_VL4_N_IV_N,.88183219936987661577,1
IV_N_N_N_VL8_N_VL4,.88125123925086955930,1
N_N_IV_VL4_N_VL2_N,.88121312642741578115,1
IV_N_N_VL4_N_N_VL2,.88087619271985267976,1
N_VL8_N_VL8_N_N_IV,.88077094989041914940,1
VA_N_N_VL8_N_N_IV,.88064186388527249242,1
N_N_VL4_IV_N_VL8_N,.88042651980683415104,1
N_N_VL2_IV_N_VL8_N,.88038883482754308955,1
IV_N_N_VL4_N_VA_N,.88021825755390832410,1
N_IV_N_VL8_N_VA_N,.87985312983721309124,1
N_N_N_VL4_N_N_VA,.87974926646499936767,1
N_VL2_N_VL8_N_N_VA,.87928378843427731057,1
IV_N_N_N_IV_VL2_N,.87899488856981401862,1
N_VL4_N_VL8_N_N_VL8,.87809316454611749827,1
N_N_N_N_VL8_N_VL2,.87808354014139132092,1
N_N_N_VL8_N_N_VL4,.87777169992237512350,1
N_N_N_N_IV_VL2_N,.87762305762184461430,1
N_IV_N_VL8_N_N_IV,.87761509862953351069,1
N_VL2_N_IV_N_VL8_N,.87736207793744879259,1
VA_N_N_VL4_N_N_VL2,.87732106116313733549,1
N_VL8_N_VL2_N_VL2_N,.87718130895633861913,1
N_N_VL2_VA_N_VL8_N,.87696643862403365885,1
N_VL2_N_VL8_N_N_N,.87694107851926284383,1
N_N_VL4_VL8_N_VL4_N,.87663985342488357144,1
N_N_VL2_N_VL8_VL8_N,.87634605085208436413,1
N_N_N_VL4_N_VL2_N,.87633671045997727999,1
IV_N_N_VA_N_N_N,.87593873677252144228,1
N_VL8_N_VL8_N_N_VA,.87574831409100342878,1
N_VL2_N_VL2_N_N_VL2,.87487807689549174053,1
N_VL4_N_N_VL8_VL4_N,.87433902017868635738,1
N_N_N_N_VL8_N_VA,.87422243237502180241,1
VA_N_N_N_VL4_VL2_N,.87412400488940694670,1
N_N_IV_VL2_N_IV_N,.87408187940099765092,1
N_VL2_N_N_VL4_VL4_N,.87382649165107470095,1
N_VL8_N_VL2_N_N_IV,.87354086775402252545,1
N_IV_N_N_IV_VL2_N,.87353978587271401818,1
N_VL4_N_IV_N_N_VL2,.87335012839380907197,1
N_VL2_N_VA_N_VL2_N,.87334671806637671807,1
N_IV_N_VL8_N_N_VL2,.87324629315274566484,1
N_N_VA_N_IV_VL4_N,.87319368076970310586,1
N_VL8_N_N_VL2_VL8_N,.87277930186273589685,1
N_VL4_N_N_VL8_VL2_N,.87275412240675311146,1
IV_N_N_N_N_N_N,.87260731660309188879,1
N_VL2_N_VL8_N_N_VL2,.87235578805749091769,1
IV_N_N_VL8_N_N_IV,.87234003196337260391,1
IV_N_N_N_VL2_VL2_N,.87230710784255238358,1
N_N_VL8_VL2_N_VL8_N,.87202963445609884486,1
N_N_IV_N_VL8_VL2_N,.87182961561654439216,1
N_VL2_N_VL4_N_N_IV,.87131771262275198084,1
IV_N_N_VL8_N_N_N,.87111720569682680963,1
N_VL2_N_VL4_N_N_VA,.87088608105961045798,1
N_N_IV_N_IV_VL2_N,.87087458813179009370,1
N_VL4_N_VL8_N_IV_N,.87057039288015398412,1
IV_N_N_N_VL8_IV_N,.87038724807475720596,1
N_VL8_N_N_VA_VL4_N,.86978711888044848094,1
IV_N_N_N_VL8_N_VA,.86973192695862627856,1
N_VL2_N_N_VL8_VL4_N,.86950523126712799801,1
VA_N_N_VL8_N_VA_N,.86928307516523635034,1
N_VA_N_IV_N_VL4_N,.86915104064799659310,1
N_N_N_IV_N_VL4_N,.86905827664281290170,1
IV_N_N_VL4_N_N_VL4,.86903499475101967203,1
N_VL4_N_VL8_N_N_VL2,.86891858554479166043,1
N_N_IV_IV_N_VL2_N,.86884554848849676406,1
IV_N_N_VL4_N_N_VA,.86841854251450806226,1
N_IV_N_N_N_VL4_N,.86821997392787083434,1
N_IV_N_N_VL4_N_N,.86807684795689857869,1
N_N_VL8_VL4_N_VL8_N,.86721372233272325355,1
N_N_VA_N_VL2_VL4_N,.86667674168749535696,1
IV_N_N_VL2_N_N_VL2,.86608270174377619842,1
N_VL2_N_VL8_N_N_VL8,.86585590657589710400,1
N_N_VA_N_VA_VL4_N,.86545830658496171982,1
N_N_VL4_VL2_N_VL8_N,.86529740043042056466,1
N_VL4_N_VL4_N_VL2_N,.86507778816129996165,1
N_N_VA_VL2_N_VL8_N,.86496421727174680144,1
N_VL4_N_VL4_N_N_VL2,.86460008869603441388,1
N_VL2_N_IV_N_VL4_N,.86434708295612505805,1
VA_N_N_VL4_N_N_VA,.86377505949676856384,1
IV_N_N_VL2_N_VA_N,.86290910155002885700,1
N_VL8_N_VL4_N_VL2_N,.86080875907412793198,1
N_N_IV_VL4_N_N_IV,.86049843595914437507,1
N_N_VL2_VL4_N_VL8_N,.85973911594762007452,1
N_N_IV_VA_N_VL2_N,.85969826693682143831,1
N_N_VA_N_VL8_N_VL8,.85956852850060989170,1
VA_N_N_N_N_VL4_N,.85927220034641140966,1
N_VL8_N_N_VL4_VL8_N,.85850054181518207846,1
N_VA_N_VL8_N_N_IV,.85838200076359202415,1
N_VL2_N_N_IV_VL4_N,.85800191622488744868,1
N_VL4_N_N_IV_VL4_N,.85783253578609361238,1
N_VL2_N_N_VA_VL4_N,.85749066496134880168,1
N_VL8_N_VL8_N_N_VL8,.85701613657778232082,1
IV_N_N_VA_N_N_VL2,.85664920742566702983,1
VA_N_N_N_VA_VL2_N,.85651116503846038244,1
N_VL2_N_VL8_N_VA_N,.85635730839760597277,1
IV_N_N_N_VA_VL4_N,.85523597129720040486,1
N_N_IV_VL4_N_N_VL2,.85521582797220047132,1
N_N_IV_N_N_VL8_N,.85473286586928621746,1
N_VL2_N_VL2_N_VL2_N,.85458575936072281161,1
IV_N_N_N_VL8_N_VL8,.85446978146100468557,1
N_VA_N_VL4_N_N_IV,.85379035400940525431,1
N_N_VA_IV_N_VL4_N,.85353893922054031748,1
IV_N_N_N_VA_N_VA,.85317914298814734019,1
N_N_N_N_VA_VL2_N,.85295944742929929007,1
N_VL2_N_N_VA_VL8_N,.85263485290748163934,1
N_VL4_N_N_VA_VL8_N,.85218001589934412227,1
N_N_N_VL4_N_N_N,.85182978293947689484,1
N_IV_N_N_N_VL2_N,.85160060894761479573,1
N_IV_N_N_VL4_VL4_N,.85141528621840918363,1
IV_N_N_VL8_N_VA_N,.85129995623524655908,1
N_N_VA_VL8_N_VL8_N,.85113132616645521552,1
N_IV_N_VL2_N_VL2_N,.85097003821497962435,1
N_VL4_N_VL2_N_VL2_N,.85063456616212795610,1
N_N_IV_VL4_N_VL8_N,.85050957740044626390,1
IV_N_N_VL8_N_N_VA,.85021701149442487367,1
N_N_N_VL2_N_VL2_N,.84979908982713695374,1
N_IV_N_VL2_N_N_VL2,.84871432964753251911,1
N_IV_N_N_VL4_VL8_N,.84783355220561029049,1
VA_N_N_N_VL2_VL4_N,.84755907165543682415,1
N_N_VA_VA_N_VL4_N,.84708069326133110894,1
VA_N_N_VL2_N_VL2_N,.84670564995573112432,1
N_VL8_N_VL4_N_N_N,.84668767477338049717,1
VA_N_N_IV_N_VL4_N,.84653379460908068584,1
N_VL8_N_VA_N_VL2_N,.84637467246058265363,1
N_N_IV_N_VL2_VL4_N,.84602511738075978960,1
N_N_VA_N_VL4_VL4_N,.84534901753524930535,1
N_VL2_N_N_VL2_VA_N,.84526934604911132338,1
N_IV_N_N_VL8_VL4_N,.84525996728933723551,1
N_VA_N_VL2_N_N_VA,.84521886007008753049,1
N_IV_N_VL8_N_N_VA,.84405437985305801329,1
N_N_VA_N_N_VL4_N,.84401933732965327459,1
N_IV_N_VA_N_VL4_N,.84315058074525729295,1
VA_N_N_N_IV_VL8_N,.84312083565836234895,1
N_VL4_N_N_IV_VL8_N,.84303628001911071450,1
N_VL4_N_N_VA_VL4_N,.84224339785950171283,1
N_IV_N_IV_N_VL2_N,.84216516491326549267,1
N_N_VA_VL4_N_VL8_N,.84077199173435862736,1
N_VL2_N_VL4_N_VL4_N,.84067460857233671440,1
IV_N_N_N_VL4_VL4_N,.84050682991106218659,1
N_N_N_VA_N_VL4_N,.84023000106863680631,1
IV_N_N_VL2_N_N_N,.84019624172257287014,1
N_VL8_N_IV_N_VL4_N,.84011622726736700830,1
N_N_IV_VA_N_VL8_N,.84001429326803051171,1
N_N_IV_VL8_N_VL2_N,.83989070650377041355,1
IV_N_N_VA_N_N_VA,.83962508344137160199,1
N_IV_N_N_VL2_VL4_N,.83940745949803659719,1
IV_N_N_N_N_N_VA,.83885644856063252178,1
N_VL2_N_VL2_N_VA_N,.83853446710625973938,1
N_VL4_N_N_VL2_VL2_N,.83847484587191865184,1
N_N_N_VL2_N_VL4_N,.83837538404602732065,1
N_N_VL2_VL2_N_VL8_N,.83771845439273229395,1
N_N_VL8_VL8_N_VL8_N,.83771790700379091358,1
VA_N_N_VA_N_VL4_N,.83770849389733778004,1
IV_N_N_N_VL8_N_IV,.83748626039752443350,1
N_N_IV_N_IV_VL4_N,.83388421971191623728,1
N_VL2_N_N_N_VL8_N,.83167604982937079740,1
N_N_VL4_VL8_N_VL8_N,.83108883697332935998,1
VA_N_N_VL8_N_N_VL2,.83071176741770760977,1
N_VA_N_VL8_N_VL4_N,.82984598255070941311,1
VA_N_N_N_IV_VL2_N,.82937440086957586076,1
N_N_IV_N_VL4_VL2_N,.82934666532337825495,1
N_N_N_N_N_VL8_N,.82825400856167509094,1
IV_N_N_VL8_N_N_VL2,.82811855982966098158,1
N_VL8_N_VL2_N_VL8_N,.82777036506100402271,1
N_N_VA_N_N_VL8_N,.82774046955758464717,1
N_N_N_N_VL4_VL8_N,.82733656368744016912,1
N_N_N_VL8_N_VL2_N,.82692055923593389467,1
N_VL8_N_N_N_VL8_N,.82620010307436648463,1
N_VL8_N_N_IV_VL4_N,.82587026614880270455,1
N_N_N_N_N_VL4_N,.82535832154738726898,1
N_VL2_N_VL2_N_VL8_N,.82412645978052470807,1
N_N_VL2_VL2_N_VL2_N,.82399870978468822421,1
N_VL2_N_N_VL2_VL4_N,.82364020613495164613,1
N_N_IV_VL2_N_VL4_N,.82291484864934599508,1
N_N_VA_IV_N_VL8_N,.82163337600421972908,1
N_VL2_N_N_N_VL4_N,.82135188943002471844,1
VA_N_N_N_VL8_VL8_N,.82055471894478410909,1
N_N_IV_N_VA_VL4_N,.82050731556324014007,1
N_VL4_N_VA_N_VL8_N,.81907689978179913742,1
N_N_N_N_IV_VL4_N,.81801124810340311667,1
VA_N_N_IV_N_VL8_N,.81786016091643729364,1
N_VL8_N_IV_N_VL8_N,.81661600764019704375,1
VA_N_N_N_VA_VL4_N,.81571360429212071269,1
N_N_IV_N_VL8_VL8_N,.81472129508472994003,1
N_N_IV_VL2_N_VL2_N,.81438473731181502844,1
VA_N_N_VL4_N_VL4_N,.81408999217788848513,1
N_N_IV_VL2_N_N_VL8,.81369141605263433982,1
N_VL4_N_VL4_N_VL4_N,.81332335964477573643,1
N_IV_N_N_VA_VL4_N,.81312136172228194634,1
N_VL8_N_VL8_N_VL2_N,.81289846442173380315,1
N_VL8_N_N_VL4_VL4_N,.81209381662660490642,1
IV_N_N_IV_N_VL4_N,.81179438440211379880,1
N_VA_N_VL8_N_VL2_N,.81148552039456991835,1
VA_N_N_N_VA_VL8_N,.81146508492722389930,1
IV_N_N_N_N_VL4_N,.81145075217917245603,1
N_N_N_VA_N_VL8_N,.81145006152763263405,1
N_N_IV_N_IV_VL8_N,.81128284433015282607,1
N_VL4_N_VA_N_VL4_N,.81048396961419410524,1
N_N_IV_VL8_N_VL4_N,.81035184041694134792,1
N_N_VA_N_VL2_VL8_N,.81009660861820235064,1
VA_N_N_N_VL4_VL4_N,.80946648400432918985,1
VA_N_N_VL8_N_VL8_N,.80884490909402032390,1
IV_N_N_VL4_N_N_IV,.80875996152230514264,1
N_N_IV_N_VL4_VL4_N,.80834700014042423783,1
N_VL8_N_N_VL2_N_N,.80820151401636669154,1
IV_N_N_VL2_N_N_VA,.80661056867223326947,1
N_N_N_IV_N_VL8_N,.80647939864057813309,1
N_N_N_N_IV_VL8_N,.80642305042216139572,1
VA_N_N_N_VL4_VL8_N,.80583181578196347159,1
VA_N_N_VA_N_VL8_N,.80575183248879169249,1
N_N_IV_N_VL4_VL8_N,.80539042907383675695,1
VA_N_N_N_N_VL8_N,.80521476792009963174,1
N_VL8_N_N_VL8_VL8_N,.80423185655097427121,1
N_N_N_N_VL4_VL4_N,.80393659287004596144,1
IV_N_N_N_VA_VL8_N,.80347651685769763694,1
IV_N_N_VL2_N_N_VL4,.80334047687666096665,1
N_N_N_N_VL8_VL4_N,.80327468810713390344,1
N_IV_N_VL4_N_N_VL2,.80324047796123601656,1
N_VL2_N_N_IV_VL8_N,.80293224350462493885,1
N_VL8_N_VL4_N_VA_N,.80290119125077484520,1
N_N_N_N_VA_VL8_N,.80274260363116753240,1
N_VL8_N_N_VL4_VL2_N,.80149143748037133585,1
N_VL4_N_VL2_N_VL4_N,.80011930570992078685,1
N_VL4_N_N_VL8_VL8_N,.80007824687180531351,1
N_N_VA_VA_N_IV_N,.79975617185168500544,1
N_N_IV_VL4_N_VL4_N,.79955853749441265815,1
N_N_VL8_N_IV_N_VL2,.79918170600175492593,1
N_VL8_N_N_VL8_VL4_N,.79897858873441456991,1
N_VL4_N_VL8_N_VL8_N,.79823051998823166163,1
N_VL4_N_IV_N_VL4_N,.79793863261606578485,1
N_N_IV_VA_N_VL4_N,.79775141466884001977,1
VA_N_N_VL8_N_VL2_N,.79764328113263471204,1
N_VL8_N_N_VA_VL8_N,.79723152651006925374,1
N_N_IV_N_VL8_VL4_N,.79695404144255273342,1
N_N_IV_N_VL2_VL8_N,.79678868289258376117,1
N_IV_N_N_VL2_VL2_N,.79607451186101126121,1
N_N_VA_N_VL4_VL8_N,.79590506260455882790,1
N_VL2_N_VL4_N_VL2_N,.79579327877870984632,1
IV_N_N_VL8_N_N_VL4,.79561893005521237873,1
IV_N_N_N_VL2_VL8_N,.79430389054050699806,1
IV_N_N_VL2_N_N_IV,.79326991836334074871,1
N_IV_N_VA_N_VL8_N,.79302993407176169985,1
N_IV_N_N_VL2_VL8_N,.79294243376369640049,1
N_IV_N_N_IV_VA_N,.79203650615297265236,1
IV_N_N_VL8_N_VL2_N,.79182266116487427727,1
N_VL2_N_N_VL8_VL8_N,.79086175678234419189,1
IV_N_N_N_VL8_VL8_N,.79014101624509369949,1
IV_N_N_VL8_N_N_VL8,.78976534642262873214,1
VA_N_N_VL2_N_VL8_N,.78957900107746972738,1
N_IV_N_N_IV_N_VL2,.78898185526023001958,1
N_N_N_N_VL8_VL8_N,.78868091649437829315,1
VA_N_N_N_VL2_VL8_N,.78835316375438610033,1
IV_N_N_N_IV_VL8_N,.78791509042827639038,1
N_IV_N_VL4_N_VL4_N,.78745169340083779593,1
IV_N_N_VL2_N_VL2_N,.78691014907286446117,1
IV_N_N_N_IV_VL4_N,.78680889371011114383,1
N_VL8_N_VL8_N_VL4_N,.78622785654495194154,1
IV_N_N_VL2_N_N_VL8,.78615974372794461876,1
N_N_N_VL8_N_VL4_N,.78607166290237770039,1
N_VL2_N_VL8_N_VL4_N,.78596188819787539253,1
IV_N_N_N_VL8_VL4_N,.78502621255991969923,1
N_VL4_N_VL4_N_VL8_N,.78410019451979012478,1
N_VL2_N_N_VL2_VL8_N,.78160519143643124136,1
VA_N_N_VL2_N_VL4_N,.77857265753313518129,1
N_N_N_VL2_N_VL8_N,.77829354295510769153,1
IV_N_N_N_VL8_VL2_N,.77670879575633216765,1
N_N_N_N_VL2_VL4_N,.77641686634407526544,1
N_N_IV_VL2_N_VL8_N,.77478166920962720916,1
N_VL4_N_VL2_N_VL8_N,.77396158503821413511,1
N_VL8_N_VA_N_VL8_N,.77388794535172564189,1
N_N_VL2_VL2_N_VL4_N,.77364611579656272558,1
N_VL8_N_VL4_N_VL4_N,.77339970789214464009,1
VA_N_N_N_IV_VL4_N,.77276664108398683949,1
N_VL2_N_VL8_N_VL8_N,.77242009349186426753,1
N_VL2_N_N_VL4_VL8_N,.77196769549187661936,1
N_N_IV_IV_N_VL4_N,.77166880743469089017,1
N_VL2_N_VA_N_VL8_N,.76981364336210916298,1
N_IV_N_VL8_N_VL4_N,.76980454871877606441,1
N_N_N_VL4_N_VL4_N,.76895459468255857926,1
N_VL2_N_VL2_N_VL4_N,.76754674823516068120,1
N_N_N_N_VA_VL4_N,.76744974427736983229,1
N_N_N_VL4_N_VL8_N,.76726954753079478559,1
N_VL4_N_N_VL2_VL8_N,.76680208143682301546,1
N_VL2_N_N_VL2_VL2_N,.76561576102672927310,1
N_N_VL4_N_IV_IV_N,.76551205467280560948,1
N_N_IV_IV_N_VL8_N,.76454404470517941119,1
N_VL8_N_N_IV_VL8_N,.76444432953850347654,1
IV_N_N_VA_N_VL2_N,.76412495639274330079,1
N_VA_N_VL8_N_VL8_N,.76405575690181167688,1
N_IV_N_N_N_VL8_N,.76311900493806526079,1
N_N_VA_N_VL8_N_VL2,.76212403165424616456,1
VA_N_N_VL8_N_VL4_N,.76195579158108651126,1
N_VL8_N_VL2_N_VL4_N,.76174463622443291307,1
N_IV_N_N_VL8_VL8_N,.76127410352466704597,1
N_IV_N_VL8_N_VL2_N,.76018748638180669632,1
N_IV_N_N_IV_VL8_N,.75880255612947109848,1
N_VL2_N_VL4_N_VL8_N,.75858823137281106807,1
N_VA_N_VL4_N_VL4_N,.75818030660221766623,1
N_IV_N_VL4_N_VL2_N,.75683541250443931673,1
N_IV_N_N_VA_VL8_N,.75663711027336826655,1
N_IV_N_IV_N_VL4_N,.75582389426169792254,1
IV_N_N_N_VL4_VL8_N,.75576663252024717054,1
N_IV_N_VL2_N_VL4_N,.75545976640127496909,1
N_VL4_N_IV_N_VL8_N,.75542613306995552373,1
N_VL4_N_N_N_VL8_N,.75360656120607820108,1
N_N_VA_N_VL8_N_VA,.75229982156691993480,1
N_IV_N_N_IV_VL4_N,.75227004432821103735,1
VA_N_N_N_VL8_VL4_N,.75167016515959137332,1
N_N_N_VL8_N_VL8_N,.74955688047733802987,1
IV_N_N_N_N_VL8_N,.74938930155267581819,1
N_N_N_N_VL2_VL8_N,.74788167585287863766,1
IV_N_N_N_VL2_VL4_N,.74688670789399949828,1
N_N_IV_VL8_N_VL8_N,.74558097883232504812,1
N_N_IV_N_VA_VL8_N,.74404979064759722997,1
IV_N_N_VL4_N_VL2_N,.74205215691528694037,1
IV_N_N_VL4_N_VL4_N,.74203990947287952698,1
N_VA_N_VL4_N_VL8_N,.74154151660675624218,1
N_N_VA_N_VL8_VL2_N,.74012345985725852957,1
IV_N_N_VA_N_VL8_N,.73895755535129888052,1
N_VA_N_VL2_N_N_VL8,.73696362090760011690,1
N_VL8_N_VA_N_VL4_N,.73576203388028852317,1
N_IV_N_VL4_N_VL8_N,.73553431641003236742,1
IV_N_N_VL8_N_VL4_N,.73525291100181595241,1
N_N_VL2_VL2_N_N_VL4,.73474643571635141607,1
VA_N_N_VL4_N_VL8_N,.73425202246219127839,1
IV_N_N_VA_N_VL4_N,.73103754639956471325,1
IV_N_N_VL2_N_IV_N,.72864570567196671848,1
N_N_VA_N_VA_VL8_N,.72787841615021943039,1
N_IV_N_IV_N_VL8_N,.72474176018754210823,1
N_VL4_N_N_VL2_VL4_N,.72361884977285363061,1
N_VL4_N_VL8_N_VL4_N,.71994304282013411333,1
IV_N_N_IV_N_VL8_N,.71700175838955528634,1
N_IV_N_VL8_N_VL8_N,.71641952653497156219,1
N_VL8_N_VL4_N_VL8_N,.71510769792672571162,1
N_IV_N_VL2_N_VL8_N,.70617292372490595284,1
IV_N_N_VL4_N_VL8_N,.69308602515640463283,1
IV_N_N_VL2_N_VL8_N,.69256766006708480535,1
IV_N_N_VL2_N_VL4_N,.69086864041151313609,1
N_VA_N_VL2_N_VL8_N,.69009074764511850627,1
N_VL8_N_VL8_N_VL8_N,.68630072129325423099,1
N_VA_N_VL2_N_VL4_N,.67735461221698580126,1
N_VA_N_VL2_N_VA_N,.66832369341101030890,1
N_N_VA_N_VL8_VL8_N,.66338863735819592315,1
IV_N_N_VL8_N_VL8_N,.62885839852289509128,1
N_N_VA_N_VL8_VL4_N,.59134334429136739926,1
N_N_VA_N_VL8_N_VL4,.56708464820253242236,1
