IV_N_N_IV_N_VL2,11.18904707485016494071,1
IV_N_N_IV_N_VL4,11.11152730303212656618,1
IV_N_N_IV_N_VL8,10.94969164799769210906,1
IV_N_IV_N_N_VL2,10.89173581541041695681,1
N_IV_N_IV_N_VL2,10.63702986300895493711,1
N_IV_IV_N_N_VL2,10.62565256681030459379,1
N_IV_IV_N_N_VL4,10.32016268855630141410,1
IV_N_N_IV_N_IV,10.21473858112414336681,1
VL4_N_IV_N_N_VL4,10.11778475321847632147,1
N_IV_N_IV_N_VL8,9.97481302143034308338,1
N_IV_N_IV_N_VL4,9.91279518641029962804,1
IV_N_IV_N_N_IV,9.78471447073896446929,1
IV_N_N_IV_VL4_N,9.70357502674788743074,1
IV_N_N_IV_VL8_N,9.67723531180610742489,1
N_IV_IV_N_N_IV,9.66877201686936396727,1
N_IV_IV_N_N_VL8,9.48456917345518225105,1
IV_N_N_IV_N_N,9.38891034841577420100,1
N_VL4_IV_N_N_VL4,9.33383403572294793638,1
IV_N_IV_N_VA_N,9.31860493443534515107,1
IV_N_IV_N_N_VL4,9.28948307386585767672,1
IV_N_IV_N_N_VL8,9.28126265415684041715,1
IV_N_IV_N_N_N,9.27455378774796455060,1
IV_N_N_IV_VA_N,9.25773419686069037045,1
VL4_N_N_IV_N_VL8,9.13052568627562846862,1
IV_N_IV_N_VL8_N,9.10961726780007502890,1
VA_N_IV_N_N_IV,9.00701691552649056911,1
VL2_N_N_IV_N_VL2,9.00568328408650191940,1
IV_N_N_IV_VL2_N,8.99266011067346567962,1
IV_N_IV_N_VL2_N,8.91652424143570700561,1
IV_N_N_IV_IV_N,8.83469846003213229287,1
VA_N_N_IV_N_VL4,8.78406354188513860462,1
N_IV_IV_N_N_VA,8.70758135327952333276,1
N_IV_IV_N_N_N,8.60557335927535423245,1
N_IV_N_IV_VL2_N,8.51898959307925366759,1
VL4_N_N_IV_N_N,8.46906043571856482718,1
N_IV_N_IV_N_IV,8.41651279332762634628,1
N_IV_N_IV_VA_N,8.39712078469001696352,1
N_IV_N_IV_IV_N,8.34127167274403530456,1
IV_N_IV_N_N_VA,8.33874709180332652215,1
N_IV_IV_N_IV_N,8.32206399193725292237,1
IV_N_IV_N_VL4_N,8.28644898461137038736,1
N_IV_IV_N_VL2_N,8.28495571559301176722,1
VA_N_IV_N_N_N,8.25607186472756069254,1
N_VL8_N_IV_IV_N,8.22600121148498826352,1
N_IV_N_IV_VL4_N,8.14749193774243372010,1
VL8_N_IV_N_N_VL8,7.92363227448771869562,1
N_IV_N_IV_VL8_N,7.84603435634568967625,1
N_IV_N_IV_N_VA,7.79065175165688605072,1
N_IV_IV_N_VA_N,7.77801144252624799519,1
VL8_N_N_IV_VL2_N,7.72380335870761337984,1
VL2_N_N_IV_VA_N,7.72048102784542590510,1
VA_N_N_IV_IV_N,7.69190361766246549663,1
VL2_N_N_IV_N_IV,7.65416557381542628754,1
N_IV_N_IV_N_N,7.56861912708875746558,1
VL2_N_IV_N_N_VL2,7.55449070206990517795,1
VL8_N_N_IV_N_VL8,7.46133496782478892655,1
N_VL4_N_IV_VL4_N,7.41119440069202467464,1
VL4_N_IV_N_VA_N,7.32724041481388186205,1
VA_N_N_IV_VA_N,7.31651142891398278782,1
N_VL4_IV_N_N_VL2,7.27714500617313981632,1
IV_N_N_IV_N_VA,7.24368956585286576896,1
VL4_N_IV_N_N_VL2,7.16370895281391456818,1
N_VL8_N_IV_VL4_N,7.13602117263886366430,1
N_VL8_IV_N_VA_N,7.03358921194129847523,1
N_VL2_IV_N_N_VL2,6.93435987571844462082,1
VL8_N_IV_N_N_VL2,6.92857430680582940735,1
N_VL8_IV_N_N_VL8,6.80242683250167349345,1
VL8_N_N_IV_VL4_N,6.56678918794086345975,1
N_IV_IV_N_VL8_N,6.52059013224599824086,1
N_VL8_IV_N_N_VL2,6.44178134233094355621,1
N_VL4_N_IV_N_VL2,6.40301064621420477635,1
N_VL8_N_IV_N_VL8,6.38530398989758104144,1
N_VL4_N_IV_N_IV,6.35585098146837857146,1
VL8_N_N_IV_N_VL2,6.35377368096459698011,1
VA_N_N_IV_N_VL8,6.30760616072437788883,1
VL8_N_N_IV_VL8_N,6.29409437421876708229,1
VL4_N_IV_N_N_VL8,6.28294344662911577159,1
VL4_N_N_IV_N_VL4,6.28203118183786836310,1
N_VL4_N_IV_IV_N,6.24453391949118697516,1
VA_N_IV_N_N_VL2,6.24255361635507711119,1
N_VL8_N_IV_N_IV,6.21816285146339153353,1
N_VL8_N_IV_N_VL4,6.18986038546283562729,1
N_VL2_N_IV_N_VL2,6.17590149934961594493,1
N_VL8_N_IV_N_VL2,6.16723621245832080945,1
N_VL4_IV_N_VL2_N,6.16679323865818310300,1
VA_N_IV_N_N_VL4,6.16259280551272883818,1
N_VL2_IV_N_N_IV,6.15426607930907097181,1
N_VL4_IV_N_N_VL8,6.15194501137606779240,1
N_VL8_IV_N_N_VL4,6.14749385568050065403,1
N_IV_IV_N_VL4_N,6.13083106919595913005,1
VL2_N_IV_N_VL8_N,6.12563696751977870937,1
N_VL2_IV_N_N_VL4,6.12201610270654888296,1
VL2_N_IV_N_VL4_N,6.09621326299912580958,1
VL2_N_N_IV_N_VL4,6.05514790684854872500,1
N_VL2_IV_N_IV_N,6.00079933632688176032,1
N_VL2_N_IV_VL4_N,5.99502679911898074993,1
N_VL4_IV_N_N_IV,5.99334746731027948109,1
VA_N_N_IV_VL2_N,5.97428272973545838225,1
VL8_N_N_IV_N_VL4,5.96037740364075298480,1
N_VL4_N_IV_VL8_N,5.94960947256262292841,1
VL8_N_N_IV_VA_N,5.94659599999380505476,1
VA_N_IV_N_N_VL8,5.93839575382293795074,1
VL2_N_N_IV_VL8_N,5.93474049518943033598,1
VA_N_N_IV_N_VL2,5.92886751429589657699,1
N_VL4_N_IV_N_N,5.89293784492411752186,1
N_VL2_N_IV_N_VL4,5.88280901686107554123,1
N_VL8_N_IV_N_N,5.84759387106836018041,1
N_VL4_IV_N_VL4_N,5.83595494145577407209,1
VL4_N_N_IV_N_IV,5.83408142940014969355,1
VL2_N_N_IV_N_N,5.82023318676821309123,1
N_VL4_IV_N_N_N,5.78487538607381294141,1
VL2_N_N_IV_N_VA,5.78469847895439169201,1
N_VL4_N_IV_N_VA,5.77658956737399102091,1
VL4_N_N_IV_N_VA,5.77422440261233660965,1
VL2_N_IV_N_N_VL4,5.75516376845514323440,1
N_VL4_N_IV_N_VL8,5.71597070927252533719,1
VA_N_N_IV_N_N,5.67125150824837072488,1
VA_N_IV_N_VL8_N,5.64317979976244319576,1
N_VL8_IV_N_N_N,5.63894014170583962216,1
VL2_N_N_IV_N_VL8,5.63784797587806085374,1
VL2_N_N_IV_IV_N,5.63422985647641149208,1
VL2_N_IV_N_IV_N,5.62431587350889344430,1
VL2_N_IV_N_VA_N,5.61934889033474542559,1
N_VL8_IV_N_N_VA,5.61546134966582070157,1
VA_N_IV_N_VA_N,5.58632776718087369815,1
VA_N_N_IV_VL4_N,5.57950022748509299982,1
VL2_N_IV_N_N_VL8,5.57203538512053578421,1
VL2_N_IV_N_N_N,5.56385542081382226491,1
VL8_N_IV_N_N_VL4,5.53134997646146796560,1
N_VL4_N_IV_N_VL4,5.52632651230026066249,1
N_VL2_N_IV_N_N,5.52543158279712696639,1
VL8_N_N_IV_IV_N,5.52537576352615351464,1
VL8_N_N_IV_N_VA,5.48809128735379243559,1
N_VL2_N_IV_N_VL8,5.48503992491701503603,1
N_VL4_N_IV_VL2_N,5.47091068498439561146,1
VA_N_N_IV_VL8_N,5.45633040520780403237,1
N_VL2_N_IV_IV_N,5.43529132357175636271,1
VL2_N_N_IV_VL2_N,5.42590160331365338522,1
N_VL4_IV_N_IV_N,5.36531952741301058166,1
N_VL8_N_IV_N_VA,5.33419298257112426670,1
VA_N_N_IV_N_IV,5.30301149066193430879,1
VL8_N_IV_N_N_VA,5.29232838345736581162,1
VA_N_IV_N_VL4_N,5.28333571765373462473,1
VL8_N_IV_N_VA_N,5.27772592633019858193,1
N_VL4_IV_N_N_VA,5.24226380038634891685,1
VL4_N_IV_N_VL4_N,5.24206271218444488117,1
VL8_N_IV_N_N_N,5.24084248851398244020,1
N_VL4_IV_N_VL8_N,5.22580269926938005252,1
N_VL2_IV_N_VL8_N,5.22152873090291636853,1
N_VL2_N_IV_VA_N,5.21854602940041477674,1
N_VL2_N_IV_N_IV,5.21810003181225337770,1
VL4_N_IV_N_N_VA,5.19225610325242193344,1
N_VL2_N_IV_VL8_N,5.17183063354059923249,1
N_VL8_N_IV_VA_N,5.15440005040556124037,1
N_VL4_IV_N_VA_N,5.10049682338059756003,1
VA_N_N_IV_N_VA,5.08712574783120536291,1
N_VL8_N_IV_VL8_N,5.06951429228023431513,1
N_VL8_N_IV_VL2_N,5.06757780122724325132,1
VL4_N_IV_N_VL2_N,5.03289294607668875632,1
VL2_N_N_IV_VL4_N,4.99582166051837830618,1
N_VL8_IV_N_VL4_N,4.99279162833717710960,1
VA_N_IV_N_VL2_N,4.97817806578081014928,1
N_VL8_IV_N_VL8_N,4.94391532327950335377,1
N_VL4_N_IV_VA_N,4.91544162921034185226,1
VL4_N_N_IV_VL4_N,4.91016519639478404358,1
N_VL8_IV_N_VL2_N,4.89576740447654952782,1
VA_N_IV_N_N_VA,4.86863254092815543634,1
VL8_N_IV_N_VL8_N,4.82665045117491115801,1
VL8_N_IV_N_VL4_N,4.78618426095446566233,1
VL2_N_IV_N_VL2_N,4.78398088746201296713,1
VL4_N_N_IV_N_VL2,4.74840599093450665155,1
VL2_N_IV_N_N_IV,4.68904816042680282975,1
IV_N_IV_N_IV_N,4.67096939112448333658,1
N_VL2_IV_N_N_VA,4.60722063881366305194,1
VL4_N_N_IV_VL2_N,4.60721011734432857114,1
VL4_N_N_IV_VA_N,4.60042152024289107803,1
VL4_N_N_IV_IV_N,4.59634028708986649070,1
N_VL2_N_IV_VL2_N,4.56775625164920275999,1
N_VL8_IV_N_N_IV,4.53174567292660025213,1
VL8_N_IV_N_N_IV,4.53077896880515026885,1
N_VL8_IV_N_IV_N,4.51143000634232311410,1
N_VL2_IV_N_N_N,4.50358104594472128632,1
N_VL2_N_IV_N_VA,4.48489113461114156253,1
VL4_N_N_IV_VL8_N,4.46029089356067806174,1
N_VL2_IV_N_VL2_N,4.45466106893186827860,1
N_VL2_IV_N_N_VL8,4.43831119444695424042,1
VL8_N_IV_N_VL2_N,4.41784770914686680103,1
VA_N_IV_N_IV_N,4.41057276643503747599,1
VL4_N_IV_N_N_IV,4.40922798747687582303,1
VL8_N_N_IV_N_IV,4.40353394540879953098,1
VL8_N_IV_N_IV_N,4.23807460772922700688,1
VL2_N_IV_N_N_VA,4.22476688688081851090,1
VL4_N_IV_N_VL8_N,4.08814255394567153615,1
N_VL2_IV_N_VL4_N,3.98647265139289759146,1
N_VL2_IV_N_VA_N,3.95725457892555894754,1
VL4_N_IV_N_IV_N,3.95549201907811275892,1
VL8_N_N_IV_N_N,3.93283407249732159456,1
VL4_N_IV_N_N_N,3.61674396284800088530,1
N_N_IV_N_N_VL4,3.48680999290431057456,1
N_VA_N_IV_N_VL4,3.47126088340488107993,1
N_VA_IV_N_N_VL2,3.46276662497205823639,1
N_N_N_IV_N_VL4,3.46060764313826179123,1
N_N_N_IV_N_VL8,3.45558077003634948908,1
N_VA_IV_N_N_VL8,3.40777983334442858820,1
N_VA_N_IV_VL2_N,3.37554811659902182835,1
N_VA_N_IV_N_VL2,3.33488181990090841685,1
N_VA_N_IV_N_N,3.26453697540316700832,1
N_N_N_IV_N_IV,3.25209574661245754029,1
N_N_N_IV_N_VL2,3.24108089642195423537,1
N_N_IV_N_N_VL8,3.24034359307139327199,1
N_VA_N_IV_N_VL8,3.22961768104245820600,1
N_N_IV_N_N_VL2,3.18809586020617501624,1
N_VA_N_IV_IV_N,3.18054398885423781938,1
N_N_N_IV_VA_N,3.17529125691617402772,1
N_VA_IV_N_N_IV,3.16948772305417673116,1
N_VA_IV_N_N_VL4,3.16436527569329136186,1
N_VA_N_IV_N_VA,3.14500704460437589216,1
N_N_IV_N_N_IV,3.14375013928013423716,1
IV_N_N_VL8_N_IV,3.14033908689247962898,1
N_VA_N_IV_VL4_N,3.12318589962816793851,1
N_N_IV_N_VL8_N,3.10843348165636448848,1
N_N_IV_N_VA_N,3.09972664101127672764,1
N_VA_IV_N_IV_N,3.09506434668990832446,1
IV_N_N_VL8_N_N,3.07482601236099614174,1
N_N_N_IV_N_VA,3.07120855057921800357,1
N_N_IV_N_N_N,3.06959349787225131759,1
N_VA_IV_N_VL4_N,3.06561238737633919814,1
N_N_IV_N_IV_N,3.06425500513237581802,1
IV_N_N_VL8_N_VL2,3.04532398090316025506,1
N_VA_N_IV_VL8_N,3.04157268540175164095,1
N_VA_N_IV_VA_N,3.03905753722599473488,1
N_N_N_IV_VL2_N,3.03590478406001681290,1
N_VA_IV_N_N_N,3.03487376159751609365,1
N_N_N_IV_VL4_N,3.02370722521145518845,1
N_N_N_IV_IV_N,3.01819043579653235600,1
IV_N_N_VL8_IV_N,3.00039330563516137695,1
N_N_IV_N_N_VA,2.98783385582444527064,1
N_N_N_IV_VL8_N,2.95341368021826321782,1
N_VA_IV_N_N_VA,2.93983216605526038562,1
N_VA_N_IV_N_IV,2.93580086796982843281,1
N_VA_IV_N_VA_N,2.92679485728425051723,1
N_N_N_IV_N_N,2.91834615773826054271,1
N_N_IV_N_VL4_N,2.89248345063671398573,1
VL4_N_N_VL8_N_VL8,2.87318591143710430061,1
N_VA_IV_N_VL8_N,2.85484191077688020675,1
VL4_N_N_VL8_N_IV,2.84605659452474181108,1
N_VA_IV_N_VL2_N,2.83483367065947030297,1
N_N_IV_N_VL2_N,2.82279324864047766356,1
IV_N_N_VL8_VL4_N,2.81555038388449879139,1
IV_N_N_VL8_N_VA,2.78667665006238822424,1
N_VL8_N_VL8_N_IV,2.78464570336906670483,1
N_VL8_N_VL8_N_VL2,2.77662757044512421637,1
N_VL4_N_VL8_N_VL2,2.77576480151936843909,1
VL4_N_N_VL8_IV_N,2.76173216885079046064,1
VL2_N_N_VL8_VA_N,2.69801539834933534894,1
N_VL8_N_VL8_VL2_N,2.65336055568715721391,1
N_VL2_N_VL8_N_VL8,2.65321148158911968292,1
N_VL2_N_VL8_VL2_N,2.64820773990288509513,1
VL2_N_N_VL8_N_VL8,2.61136858461546933342,1
VA_N_N_VL8_N_VL8,2.60278544641242707386,1
N_VL8_N_VL8_N_VL8,2.60039519338658007316,1
VL4_N_N_VL8_VL4_N,2.59465823485854103763,1
N_VL4_N_VL8_N_IV,2.56062009108636165856,1
N_VL4_N_VL8_VA_N,2.55842302485584013372,1
VL2_N_N_VL8_N_N,2.55595555235506579806,1
VL8_N_N_VL8_N_IV,2.55204563259454866895,1
IV_N_N_VL8_N_VL8,2.54763098004491728956,1
IV_N_N_VL8_VA_N,2.51273694486158614450,1
VL2_N_N_VL8_N_VL4,2.50576938667878237671,1
IV_N_N_VL8_VL2_N,2.49873492962944380568,1
N_VL8_N_VL8_VA_N,2.49066170273720677011,1
N_VL2_N_VL8_N_VL2,2.48347539089917106609,1
N_VL2_N_VL8_VL8_N,2.48267053538089770795,1
N_VL4_N_VL8_VL8_N,2.48028124192273304911,1
VA_N_N_VL8_N_VL4,2.47845095465141436767,1
N_VL8_N_VL8_VL4_N,2.44804736185119816591,1
VL8_N_N_VL8_N_VL2,2.44632589124987273915,1
VL8_N_N_VL8_IV_N,2.44024384651058386833,1
VL4_N_N_VL8_N_VL4,2.42953451627501247793,1
VL2_N_N_VL8_N_VL2,2.42093718065292703858,1
N_VL4_N_VL8_VL4_N,2.41777284089840493140,1
VL4_N_N_VL8_N_N,2.41492422995063097521,1
N_VL8_N_VL8_N_VL4,2.41104683512719551428,1
VL2_N_N_VL8_VL4_N,2.41053885513590064118,1
N_VL4_N_VL8_VL2_N,2.40345716388739606097,1
N_VL2_N_VL8_N_N,2.40148973557081138706,1
N_VL8_N_VL8_N_VA,2.40104119316528882243,1
N_VL2_N_VL8_N_VL4,2.38622225400738865790,1
VL4_N_N_VL8_VL2_N,2.37439151448151573554,1
VL8_N_N_VL8_VL8_N,2.36616492818225294241,1
N_VL2_N_VL8_IV_N,2.36483389622676987837,1
VL2_N_N_VL8_IV_N,2.34164869646783078455,1
VA_N_N_VL8_N_VL2,2.33790843492867021519,1
VA_N_N_VL8_VL2_N,2.32925774171175767841,1
VL8_N_N_VL8_N_VL4,2.32590659426109543251,1
VL8_N_N_VL8_N_VL8,2.32291301568751303789,1
IV_N_N_VL8_N_VL4,2.32145038806595591952,1
N_VL8_N_VL8_N_N,2.31596284445638680282,1
VL8_N_N_VL8_VL2_N,2.30956743057767712411,1
IV_N_N_VL8_VL8_N,2.29338213773213564583,1
N_VL4_N_VL8_N_VL8,2.26791453989871004877,1
VL4_N_N_VL8_VL8_N,2.26153743744428044159,1
VL2_N_N_VL8_N_VA,2.25804824885817037954,1
VA_N_N_VL8_VA_N,2.25151215975888199898,1
VL2_N_N_VL8_N_IV,2.23588747563866021864,1
VL2_N_N_VL8_VL2_N,2.23030681397484712232,1
N_VL2_N_VL8_N_IV,2.22472556650439840844,1
VL2_N_N_VL8_VL8_N,2.20975617059785647884,1
N_VL4_N_VL8_N_N,2.19894768822640391300,1
N_VL4_N_VL8_N_VA,2.19743008837297908007,1
VL8_N_N_VL8_N_N,2.19370297490753885485,1
VL4_N_N_VL8_VA_N,2.18966065712743469764,1
VL4_N_N_VL8_N_VA,2.18621756202929254469,1
N_VL8_N_VL8_VL8_N,2.16966166617542167321,1
N_VL2_N_VL8_N_VA,2.14597982363842259552,1
VA_N_N_VL8_VL8_N,2.13440720313031664770,1
N_VL8_N_VL8_IV_N,2.12895256610574501909,1
VA_N_N_VL8_N_IV,2.11643991841580201905,1
N_VL2_N_VL8_VL4_N,2.10907930585613574091,1
N_VL2_N_VL8_VA_N,2.10272802765421490631,1
VA_N_N_VL8_IV_N,2.10193569758792145489,1
VL8_N_N_VL8_VL4_N,2.09157817096532478499,1
VA_N_N_VL8_N_VA,2.07979181317404350365,1
VL8_N_N_VL8_N_VA,2.07460920882705633121,1
VA_N_N_VL8_VL4_N,2.07056837914888504039,1
N_VL4_N_VL8_IV_N,1.98904888949908680796,1
VA_N_N_VL8_N_N,1.97042066223993837626,1
IV_N_N_N_N_VL4,1.96106388470066332538,1
N_VL4_N_VL8_N_VL4,1.94818217831625242736,1
VL8_N_N_VL8_VA_N,1.94798279267959098698,1
IV_N_VL2_N_N_VL4,1.92416397595781176727,1
IV_N_VA_N_N_VL8,1.90475070497733596144,1
IV_N_VL8_N_N_VL8,1.89969289879132681526,1
IV_N_N_N_N_IV,1.89003340321367865760,1
IV_N_VL2_N_IV_N,1.88230729540110548129,1
IV_N_VL2_N_N_VL8,1.87565892465072801636,1
IV_N_N_N_N_VL2,1.86389209798108762528,1
IV_N_VL2_N_VL2_N,1.86265886056668427507,1
IV_N_N_N_VA_N,1.86153377656524017942,1
IV_N_VA_N_VL8_N,1.85715402800353839059,1
IV_N_VL2_N_N_VA,1.85549497279707330880,1
IV_N_VL2_N_VA_N,1.84783617582506966311,1
IV_N_VL8_N_N_IV,1.83657534022158467676,1
N_N_N_VL8_N_VL8,1.83354878483134984920,1
IV_N_VL2_N_N_VL2,1.83319486967404061856,1
IV_N_VL2_N_N_N,1.83133974028066676225,1
IV_N_VL2_N_N_IV,1.82893164328952602701,1
N_VA_N_VL8_N_IV,1.82842991202845168041,1
N_VA_N_VL8_N_VL8,1.82536467538227493879,1
IV_N_N_N_N_VL8,1.82173051428881725193,1
N_VA_N_VL8_N_VA,1.81574865176093305917,1
IV_N_N_VA_N_N,1.81301727093166094702,1
IV_N_VL8_N_N_VL2,1.81083738150822446609,1
N_N_N_VL8_N_VL2,1.81016728943764605393,1
IV_N_VA_N_VL2_N,1.81006729373114099598,1
N_VL2_N_N_N_VL8,1.80936551517262089171,1
IV_N_VL8_N_VL8_N,1.80859922391188215963,1
IV_N_N_VL2_N_IV,1.80275032989403168387,1
IV_N_VL2_N_VL8_N,1.80211831482611046549,1
IV_N_VL8_N_N_N,1.79636690643763339825,1
N_N_N_VL8_N_VL4,1.79032765250120235338,1
N_VA_N_VL8_N_VL4,1.78952837063333390075,1
IV_N_N_VA_VL4_N,1.78737668255232249507,1
IV_N_N_N_IV_N,1.78581583195496083104,1
IV_N_N_VL2_N_VL8,1.78220638388469813259,1
IV_N_VL4_N_N_VL2,1.77052819025292233501,1
IV_N_VA_N_VL4_N,1.76788389936555855851,1
IV_N_VL4_N_IV_N,1.76690772860181710557,1
N_VA_N_VL8_VA_N,1.76665755303076358980,1
IV_N_N_VA_N_VL8,1.75947143290932863055,1
N_VA_VL2_N_VA_N,1.75743108464906408319,1
IV_N_VL8_N_VL2_N,1.75653996330558541449,1
IV_N_N_VL2_N_VL2,1.75138787534710746990,1
N_VA_N_VL8_IV_N,1.75103912722612218172,1
N_VA_N_VL8_N_N,1.74549985861683522488,1
IV_N_VL8_N_N_VL4,1.74487736306287444715,1
N_VA_N_VL8_N_VL2,1.74327471143283220644,1
N_IV_N_N_IV_N,1.73991261229910552758,1
IV_N_VL8_N_VL4_N,1.73867258195413763020,1
N_N_N_VL8_N_IV,1.73450287346209822173,1
IV_N_VL8_N_N_VA,1.73402734365560602738,1
IV_N_VL4_N_N_N,1.72509247316484433073,1
N_VA_N_VL8_VL2_N,1.72217579999876764175,1
IV_N_VL4_N_VA_N,1.72142776590653234635,1
N_IV_N_VL8_N_IV,1.71943325791197679938,1
IV_N_VL8_N_IV_N,1.71679432539072073557,1
IV_N_N_VL2_IV_N,1.71437444604026911707,1
N_IV_N_VL8_N_VL4,1.71422626897369910336,1
IV_N_N_VA_VA_N,1.71186089656364300146,1
N_N_N_VL8_VL8_N,1.70838032403928469364,1
IV_N_N_N_N_VA,1.70691065429346658872,1
IV_N_N_VL2_N_VA,1.70470068562257815178,1
IV_N_N_VA_VL8_N,1.70464457433722727046,1
IV_N_VL4_N_N_VA,1.70410471605015506791,1
IV_N_N_VL2_VL2_N,1.70160813001656024884,1
N_VA_N_VL8_VL8_N,1.70154324047997074915,1
N_IV_N_VL8_N_VA,1.70052251967166449884,1
N_VL2_N_N_N_VL4,1.69814897722761373806,1
N_IV_N_N_N_IV,1.69500923122704575632,1
IV_N_N_VL2_N_N,1.68942572508405331722,1
N_IV_N_VL8_N_VL8,1.68808068077711896249,1
IV_N_N_VL2_VA_N,1.68784915973363429294,1
VL4_N_N_VL8_N_VL2,1.68751076545343159467,1
N_N_N_VL8_N_N,1.68509847672045025705,1
VL4_N_VL4_N_N_VL4,1.68468358261963475421,1
IV_N_N_VL4_N_VL2,1.68358898089752535351,1
N_IV_N_N_N_N,1.68137142595453550681,1
N_N_N_VL8_VA_N,1.68020368105408425416,1
IV_N_N_VL2_N_VL4,1.67821789189448729520,1
N_N_N_VL8_VL4_N,1.67757192468219887764,1
IV_N_VL4_N_N_IV,1.67596673449488804569,1
N_N_N_VL8_IV_N,1.67425065948633850085,1
IV_N_VL2_N_VL4_N,1.66860156908021118472,1
VL4_N_VL8_N_N_VL4,1.66694788108734215890,1
N_IV_N_VL8_N_N,1.66388236295287707572,1
N_N_N_VL8_N_VA,1.66326941254059090725,1
IV_N_N_N_N_N,1.66121980212896531017,1
N_VA_N_VL8_VL4_N,1.66063665367845673917,1
N_N_N_VL8_VL2_N,1.64944801540611455071,1
IV_N_N_VA_N_IV,1.64898083631501119974,1
IV_N_N_N_VL2_N,1.63712814672435368970,1
IV_N_VA_N_N_VL2,1.63557518894975131848,1
IV_N_VL4_N_VL2_N,1.63227538188915642777,1
VL4_N_VA_N_N_VL8,1.62829340190419376277,1
IV_N_N_VL4_N_VA,1.62599334136740599772,1
N_VL2_VA_N_N_VL8,1.62525772884255493247,1
IV_N_VA_N_N_IV,1.61710449963554714419,1
N_IV_N_VL8_IV_N,1.61607708487416240348,1
VL2_N_VA_N_N_VL8,1.61038116651130410625,1
VL8_N_N_VA_N_VL4,1.60974534368766681259,1
N_IV_N_VL8_VA_N,1.60694255049305438153,1
IV_N_N_VL4_N_N,1.60636179472352717856,1
VL8_N_N_N_N_VA,1.60531190782281528604,1
N_VA_VL2_N_N_VL4,1.60241781147953861939,1
VL8_N_N_VA_N_N,1.60008833430312004300,1
VL4_N_VL4_N_N_VL2,1.59982523809985831467,1
IV_N_N_VL4_VL4_N,1.59457060654542309536,1
N_IV_N_VL8_VL4_N,1.59193411191689258466,1
IV_N_VL4_N_VL4_N,1.59153497513916095207,1
IV_N_N_VL4_VL2_N,1.59027485476060861597,1
N_IV_N_VL8_N_VL2,1.57871876644050214623,1
N_VA_VL2_N_N_VL8,1.57536441182855665116,1
N_IV_N_VL8_VL8_N,1.57424405170517597866,1
VA_N_N_N_N_IV,1.57114965651013771933,1
N_IV_N_VL8_VL2_N,1.56652233107543047454,1
VL4_N_VL2_N_N_N,1.55701887602124067352,1
VL4_N_N_VL4_N_N,1.55660430408830259144,1
N_VL4_N_N_N_VL4,1.55208438507170437600,1
IV_N_N_VA_VL2_N,1.54868543452084759558,1
IV_N_VL4_N_N_VL8,1.54444650924254857142,1
N_VL8_VL8_N_VA_N,1.54336023060904674066,1
VL4_N_N_VA_VA_N,1.54170608744710085782,1
IV_N_VA_N_N_VL4,1.53898645677689107845,1
IV_N_VL4_N_N_VL4,1.53691823022594355596,1
IV_N_N_VL4_IV_N,1.53420769616323588864,1
VA_N_VA_N_VA_N,1.53410482381978266453,1
VL4_N_N_VL2_N_IV,1.53401839403386654786,1
IV_N_N_VL4_N_IV,1.53229561121023105563,1
VL2_N_VL4_N_N_VL4,1.53170855767805783015,1
VL2_N_N_N_N_VL4,1.52924463108908876581,1
VL4_N_VL8_N_N_VL2,1.52904713319396880066,1
N_VL4_N_VA_VL4_N,1.52507227932495123086,1
VL4_N_VA_N_VA_N,1.52393048950996351218,1
IV_N_N_VL4_N_VL4,1.52225694892718676245,1
VL8_N_N_N_IV_N,1.52223440034922174968,1
VA_N_N_VL2_VA_N,1.52035895319736043816,1
N_VL2_N_VA_N_VL2,1.51922749652536142462,1
N_VL4_N_VL4_N_VL2,1.51885727331036649397,1
N_VL8_VL2_N_N_VL4,1.51631618542606008227,1
N_VL8_VL4_N_N_VL8,1.51575279690139122977,1
VL4_N_VA_N_VL8_N,1.51037737067245746565,1
VL4_N_VL4_N_N_VA,1.50442926707044275595,1
IV_N_N_VA_N_VL2,1.50269527483764302337,1
VL8_N_VL2_N_N_IV,1.50245679324568403911,1
VL4_N_VL4_N_IV_N,1.50189360602670376669,1
VA_N_N_VA_VL8_N,1.50156796827239838435,1
VL8_N_N_N_N_IV,1.50118415397967870425,1
N_VL2_VA_N_IV_N,1.49830629837511935661,1
N_VL4_N_VA_N_VL2,1.49822620061198693457,1
IV_N_VL4_N_VL8_N,1.49762530803744592894,1
N_VL2_N_N_VA_N,1.49510570626392072612,1
VL8_N_VL8_N_VL8_N,1.49493775852833442286,1
VL8_N_N_VL2_N_IV,1.49411999878378099210,1
VL2_N_VL2_N_N_VL4,1.49376159130681155104,1
N_VL4_VA_N_N_IV,1.49324843969044036422,1
N_VL4_N_N_VL8_N,1.49312145124290562969,1
VL2_N_VL4_N_N_VL8,1.49254941299893310094,1
VL8_N_N_VA_IV_N,1.48952929630219392774,1
VA_N_VA_N_N_VL8,1.48791344330919584305,1
VL2_N_N_VA_IV_N,1.48689493387554733638,1
VL2_N_N_N_VL8_N,1.48576094936795575553,1
VA_N_N_VA_N_VL4,1.48560068238878272219,1
VL2_N_VA_N_VL4_N,1.48483642183425270734,1
VA_N_N_VL2_N_VL4,1.48479405002423967996,1
IV_N_VL8_N_VA_N,1.48362086686813937097,1
N_VL8_VA_N_VL4_N,1.48288187673212710883,1
N_VL4_N_N_VL2_N,1.48236403568938031898,1
VL4_N_VL2_N_VL4_N,1.48230360580935824168,1
VL4_N_VL2_N_VL8_N,1.47736394308832455368,1
VL4_N_VL8_N_N_VL8,1.47688706425013365716,1
VL8_N_N_VL2_N_VL4,1.47553893869384124909,1
VL8_N_VL8_N_N_VA,1.47536202190887077390,1
IV_N_N_VL2_VL4_N,1.47355492500171580179,1
N_VL4_VL2_N_IV_N,1.47319820305135511219,1
VL8_N_VL4_N_VA_N,1.47304530834738942318,1
N_VL4_VL4_N_N_VL2,1.47295804565634004982,1
VL2_N_N_VA_VA_N,1.47237832137629892279,1
N_VL4_N_VL4_N_VL4,1.47216501655479636297,1
N_VL8_VL8_N_N_VA,1.47147109401312371299,1
N_VL8_N_N_N_IV,1.47039979078708027206,1
VA_N_N_N_VA_N,1.47018707242141435066,1
N_VL8_VL8_N_VL4_N,1.46788130432953163190,1
VA_N_N_VA_N_VL8,1.46730567031646467621,1
IV_N_N_VA_IV_N,1.46727686361406616060,1
N_VL8_VL4_N_VL4_N,1.46560376263646955238,1
N_VL8_VA_N_N_N,1.46555367096121775729,1
N_VL4_N_N_VL4_N,1.46215396728182712281,1
VL8_N_VL2_N_N_VL8,1.46092497160366004600,1
N_VA_VL8_N_N_VL2,1.45860723368575850533,1
N_VL4_VL8_N_N_IV,1.45765454145320527639,1
N_VL4_VL2_N_VL2_N,1.45761521730242183691,1
N_VL4_VL8_N_N_VA,1.45739824969205489994,1
N_VL4_VL4_N_VA_N,1.45734240307829443490,1
N_VL8_VA_N_N_VL4,1.45728075105008833020,1
VA_N_VL8_N_N_IV,1.45670185390668755676,1
VL8_N_N_VA_VL8_N,1.45642575047164858813,1
N_VL8_VL4_N_N_IV,1.45605050820602716890,1
N_VL2_VL2_N_N_IV,1.45544149878448544042,1
VL4_N_N_N_VL8_N,1.45515865690001947650,1
VL2_N_N_VL2_VL8_N,1.45498263378196340842,1
VL2_N_VL2_N_N_VA,1.45477902420747791230,1
N_VL4_VL4_N_N_VL4,1.45442875254140629746,1
N_VL2_VL2_N_N_N,1.45370809093522269808,1
N_VA_VL8_N_N_IV,1.45318402867608922024,1
VL2_N_VA_N_VL8_N,1.45252263664846620698,1
VL8_N_VL8_N_VL2_N,1.45100059891934011737,1
VL2_N_N_VA_N_IV,1.45050154676704197238,1
N_VL8_N_VL2_N_VL8,1.45042354019052739845,1
N_VL2_VA_N_N_N,1.44889964817195106132,1
VL4_N_VL8_N_N_VA,1.44865482667945359410,1
N_VL2_N_N_N_IV,1.44824153050289571516,1
VL8_N_VL4_N_VL2_N,1.44798796096331909518,1
VL2_N_VL2_N_N_VL2,1.44604211593067038675,1
VL4_N_N_VL2_N_VL4,1.44581176842824544112,1
N_VL8_N_VA_N_VL8,1.44419358209028316919,1
N_VL8_VL8_N_N_VL4,1.44372630523473804181,1
N_VL8_VA_N_VL2_N,1.44320845580816010759,1
VL2_N_N_N_N_VL8,1.44299015333239063741,1
VL2_N_N_VA_N_VL8,1.44180502941299418152,1
N_VL8_VA_N_N_VL2,1.44126167037051168660,1
N_VL4_VL8_N_IV_N,1.44049474231022655892,1
N_VL2_N_VA_VL8_N,1.43919073682918688052,1
VA_N_VA_N_N_IV,1.43841846861303332510,1
VL2_N_N_VL2_VL2_N,1.43826984863675920988,1
VL2_N_N_N_N_VL2,1.43802559816909705012,1
N_VL8_VL8_N_N_IV,1.43746338794548250307,1
VL4_N_N_VA_N_VL8,1.43666815296470593198,1
VL8_N_VL4_N_VL4_N,1.43548967960997273993,1
VL8_N_N_N_VA_N,1.43525500174690734095,1
VL8_N_VL8_N_N_VL4,1.43520870010044800111,1
N_VL8_VL4_N_N_VL4,1.43287596678627637748,1
N_VL2_N_VL2_VL8_N,1.43270223195796055358,1
VL2_N_N_N_VL2_N,1.43197909408995358612,1
VL8_N_VL2_N_VL2_N,1.43192815436658096812,1
IV_N_VA_N_VA_N,1.43106176112521316598,1
VA_N_VL4_N_N_VL8,1.42792417762095627456,1
N_VL4_VA_N_VL2_N,1.42790776297644983131,1
N_VL8_VL4_N_VA_N,1.42646781917834210133,1
N_VL2_VL8_N_N_VL8,1.42626752707906875266,1
N_VL2_VL4_N_VL8_N,1.42491846234658600557,1
VL2_N_VA_N_IV_N,1.42482011287281996949,1
VA_N_N_N_N_VL2,1.42480995419358566196,1
N_VA_VL8_N_VA_N,1.42368749125746010696,1
N_VL2_N_VA_VA_N,1.42341768093360152168,1
VL8_N_VL8_N_VL4_N,1.42328533822795658277,1
N_VL2_VL2_N_N_VL2,1.42261214686868421272,1
VL4_N_N_N_N_VL2,1.42212904897143407934,1
N_VL4_VL4_N_N_VL8,1.42208782726638796335,1
N_VL4_VL2_N_N_VL2,1.42187727895769836713,1
N_VL4_N_VL2_N_IV,1.42155200543975595383,1
VL4_N_VA_N_N_VL2,1.42146892257968250355,1
N_VA_VL8_N_N_VL4,1.42076483148237005024,1
N_VL2_N_VL2_N_VL4,1.42050094638806463650,1
N_VA_VL4_N_N_VL2,1.42002541790704673042,1
VA_N_N_VL2_N_N,1.41897329449133773359,1
VL4_N_N_N_VL2_N,1.41881472117198860327,1
VL4_N_VL2_N_VA_N,1.41870504169919818479,1
N_VL4_N_N_N_VL2,1.41659313121439904550,1
N_VL4_N_N_N_VL8,1.41643359136824057425,1
N_VL2_VL8_N_VL2_N,1.41622492662966152384,1
IV_N_VA_N_N_VA,1.41611177639115806149,1
N_VL8_VL8_N_N_VL8,1.41602307422752252261,1
N_VL8_VL8_N_N_VL2,1.41470414954792845098,1
N_VL4_VA_N_N_VL2,1.41420402553750019642,1
VA_N_N_VA_VL2_N,1.41390646923024410191,1
N_VL8_N_VL2_N_N,1.41244471350045303820,1
VL4_N_VL2_N_N_VL8,1.41093280497669011976,1
N_VL2_VL2_N_N_VL8,1.41052819845815321312,1
VL8_N_VA_N_N_VL8,1.41037991075877518735,1
N_VL8_N_N_N_VA,1.40961757782742582401,1
N_VA_VL8_N_N_VL8,1.40960468840050684570,1
VL4_N_VL2_N_N_IV,1.40956596937035181137,1
N_VL8_VA_N_N_VA,1.40923237816980449835,1
VL2_N_N_VA_VL4_N,1.40913404672860872838,1
VL2_N_N_VA_N_VL2,1.40890255948724708727,1
N_VA_VL4_N_N_VL4,1.40883244384401359515,1
N_VL4_VL2_N_VA_N,1.40855708282729389867,1
N_VL4_N_VA_VL8_N,1.40748434134524882147,1
N_VL8_VA_N_N_VL8,1.40693204017386258380,1
VA_N_N_VL4_N_VA,1.40680415630986770323,1
VL8_N_VL2_N_VL4_N,1.40586335938454231022,1
VL8_N_VA_N_N_VA,1.40575619189079407767,1
N_VL8_VL8_N_N_N,1.40564170783968393180,1
N_VL8_N_VA_VL2_N,1.40561984655688746502,1
VL8_N_N_N_N_N,1.40490062953150941736,1
VL8_N_N_VL4_N_VL8,1.40441180913614627949,1
N_VA_VL4_N_VL8_N,1.40383866357640198463,1
N_VL8_VL2_N_N_VL2,1.40382303393875847358,1
VA_N_N_N_N_N,1.40319312978018032963,1
N_VA_VL8_N_N_N,1.40305191027306400576,1
VL4_N_VA_N_N_VL4,1.40270806506747223955,1
N_VL8_VL2_N_IV_N,1.40249150964883951137,1
N_VL4_VL2_N_N_VL4,1.40193816755411585692,1
N_VL2_N_VA_N_N,1.40129266637397764004,1
N_VL8_N_VL4_N_VA,1.40115334860227694965,1
N_VL2_N_N_IV_N,1.40085832360348835593,1
VL8_N_VL2_N_N_N,1.40014126458066541684,1
N_VL4_N_VA_VL2_N,1.39816662936413174080,1
VL8_N_VA_N_N_VL4,1.39789411634297447296,1
VL4_N_N_N_N_VL8,1.39732654576311619660,1
N_VL8_VL8_N_IV_N,1.39712813366237006895,1
VL4_N_VL8_N_IV_N,1.39688179098295115881,1
N_VA_VL4_N_N_N,1.39635212936112209737,1
VA_N_VL4_N_N_VA,1.39629304192859205637,1
VL4_N_VL2_N_VL2_N,1.39623514281583323455,1
IV_N_N_VL2_VL8_N,1.39618431716724530021,1
VL2_N_VL2_N_VL8_N,1.39598849685717844325,1
N_VL4_N_VL2_IV_N,1.39590390604873827835,1
VL2_N_N_VL4_N_VL4,1.39554241103822115834,1
N_VL8_VA_N_VA_N,1.39480352937702373073,1
VA_N_VA_N_N_VL2,1.39397709455967590165,1
VA_N_N_VA_N_VA,1.39397071959651907732,1
N_VL4_N_VA_N_VA,1.39391253544770500014,1
VL2_N_N_VA_N_VA,1.39344397654541046815,1
VA_N_VL4_N_VA_N,1.39302847684489021256,1
N_VL4_N_VA_N_VL8,1.39234615599293379044,1
N_VL2_VA_N_N_VA,1.39232305730138497624,1
IV_N_N_N_VL4_N,1.39154002634555563122,1
N_VL8_N_VL2_IV_N,1.39138863900641898306,1
N_VL8_VL2_N_N_VL8,1.39082085087005662554,1
VA_N_N_VA_VA_N,1.39046471631516384072,1
N_VL8_VL4_N_N_VL2,1.39000370090397432985,1
N_VL2_N_VA_VL4_N,1.38997455850275301849,1
VL2_N_N_VL4_N_VA,1.38930415214375187546,1
VL8_N_N_N_N_VL4,1.38858129364915470601,1
N_VL4_VL8_N_N_VL8,1.38825505025876543625,1
N_VA_VL8_N_VL4_N,1.38821121125495839285,1
N_VL4_VL8_N_VL2_N,1.38778528265480426948,1
N_VL4_VA_N_N_VL8,1.38743116775801814576,1
N_VL4_N_VL4_N_VA,1.38712705678623755424,1
VL8_N_N_VL4_N_VL2,1.38527008864839882598,1
VL2_N_VL2_N_VL2_N,1.38483316980668564492,1
VA_N_VL4_N_VL8_N,1.38463863587325488156,1
N_VL4_VL2_N_N_VL8,1.38457858074296627652,1
N_VL4_VL2_N_VL4_N,1.38435962467634165754,1
VL8_N_N_VA_VL4_N,1.38405630132668310363,1
VL2_N_N_VA_N_N,1.38372760199478517137,1
N_VL8_VL4_N_VL8_N,1.38361521811284116587,1
VL4_N_N_VA_VL2_N,1.38346018542561213692,1
N_VL2_VL4_N_VA_N,1.38259730895612872794,1
VL8_N_VL8_N_N_VL2,1.38234146226801461947,1
VL8_N_VL4_N_N_IV,1.38214505981526407199,1
N_VL8_VL4_N_VL2_N,1.38166855355409750378,1
N_VL2_N_VA_N_VL4,1.38162048879908283882,1
N_VL2_N_VL4_IV_N,1.38161811932683421995,1
VA_N_N_VA_N_IV,1.38138822295114371234,1
VL2_N_N_N_N_N,1.38074159766631059983,1
N_VL2_VL2_N_VL4_N,1.38049534528254015862,1
VL2_N_VA_N_N_N,1.38013009396132339246,1
VL8_N_VA_N_N_IV,1.37980616171386576159,1
VL4_N_VL8_N_VL2_N,1.37965092597444397217,1
N_VL4_VA_N_VL8_N,1.37942435742020607925,1
VL4_N_VL4_N_N_N,1.37864015864345050416,1
N_VL4_VL2_N_N_N,1.37861969002966554137,1
N_VA_VL4_N_IV_N,1.37820370712066070501,1
N_VL4_VA_N_N_VL4,1.37756598784349626077,1
VL4_N_N_VA_VL8_N,1.37747127652832829147,1
N_VL4_VL4_N_VL2_N,1.37509522058546925092,1
IV_N_N_VL4_VA_N,1.37504935543725281343,1
VA_N_VL8_N_N_VL8,1.37487090999068175515,1
N_VL4_VL8_N_N_N,1.37428237701059896379,1
VL8_N_VL2_N_N_VL4,1.37426637317882375203,1
N_VL2_N_VA_N_VA,1.37265236293661126835,1
VL8_N_N_VA_N_IV,1.37245302666364343096,1
VL2_N_N_N_VA_N,1.37243499437071042765,1
N_VL4_N_N_N_IV,1.37243095121429244732,1
N_VL4_N_N_N_N,1.37162063307965438212,1
VA_N_N_VA_IV_N,1.37106035423887051379,1
N_VL2_N_N_VL8_N,1.37068454600117183149,1
N_VL8_VL2_N_VL8_N,1.37062565573409301178,1
N_VL4_VL4_N_N_IV,1.37023564855411905493,1
N_VL8_VL2_N_VL2_N,1.37009772203872847538,1
VL8_N_VL2_N_IV_N,1.36977354173724306643,1
N_VL2_VA_N_VL4_N,1.36973114984320948274,1
N_VL8_VA_N_N_IV,1.36926060959241793195,1
VA_N_VA_N_IV_N,1.36902412325377671162,1
N_VL8_N_VL4_N_VL4,1.36889190329622495196,1
N_VL8_VL2_N_N_VA,1.36740337237690464695,1
N_VL2_VL4_N_N_VL2,1.36731215010378626356,1
VL8_N_VL2_N_VL8_N,1.36684434132907496116,1
VL4_N_N_VL4_VL8_N,1.36678349702480070395,1
N_VL4_VA_N_IV_N,1.36669704162869258192,1
N_VL2_N_VL4_N_VL8,1.36667190076063681483,1
VL2_N_VL4_N_N_IV,1.36611852208686322213,1
N_VL8_N_N_VL8_N,1.36592807762534908506,1
N_VL2_N_N_N_VA,1.36590163076971379412,1
N_VL2_VL4_N_N_VL4,1.36580893770847050104,1
N_VL8_N_VA_IV_N,1.36567140143750616544,1
N_VL8_N_VA_N_VL2,1.36499575990984321092,1
N_VL4_N_VL4_N_N,1.36492726778090199034,1
VL2_N_VA_N_N_VL4,1.36432599403826008676,1
N_VL8_VL4_N_N_N,1.36405916857330635674,1
VA_N_N_VL4_VA_N,1.36389222000731194916,1
N_VL8_N_N_IV_N,1.36346135339103307208,1
VL4_N_N_VL4_N_VA,1.36333354542424248285,1
N_VL8_VA_N_VL8_N,1.36294157049589028255,1
VL8_N_N_VL2_N_N,1.36195768334390929829,1
VL2_N_N_VL4_IV_N,1.36166446828761929208,1
VA_N_N_N_IV_N,1.36105777374128587542,1
IV_N_N_VL4_VL8_N,1.36038067721552997625,1
N_VL4_VL4_N_IV_N,1.36034367840308271673,1
N_VL8_VL4_N_IV_N,1.36000581872301241709,1
VL2_N_N_N_VL4_N,1.35957271191565616193,1
N_VA_VL2_N_VL8_N,1.35949103263909379601,1
VL2_N_N_VL2_N_VL2,1.35919464725686753483,1
VL4_N_VA_N_N_IV,1.35908198812055163452,1
N_VL2_VA_N_N_IV,1.35875162205385202664,1
VL8_N_N_N_N_VL2,1.35873805238741384652,1
VA_N_VL4_N_VL4_N,1.35847374127716841341,1
N_VL8_N_N_N_VL8,1.35813992256392706335,1
N_VL2_N_VL4_VA_N,1.35785252536397838389,1
VL4_N_VL8_N_N_IV,1.35779441309070893911,1
N_VL4_N_VL2_VL4_N,1.35733503581554649315,1
VL8_N_N_VL4_N_VA,1.35719342472992735702,1
N_VL4_VL8_N_VL8_N,1.35707490039904911237,1
VL8_N_VA_N_VL8_N,1.35645622466041931250,1
VL8_N_VL2_N_VA_N,1.35583178070228193358,1
VL4_N_N_VL4_N_VL2,1.35581706468836238821,1
N_VL4_N_VA_N_N,1.35570057177295273686,1
N_VL2_N_VL4_VL8_N,1.35549088093689458366,1
VL4_N_N_VL2_N_N,1.35535479164781148901,1
VL8_N_VL4_N_N_VL2,1.35496217337496868355,1
N_VL8_N_VA_N_IV,1.35485025908592636428,1
N_VL2_VA_N_VA_N,1.35461694898031004624,1
VL2_N_VA_N_N_IV,1.35421887626227144271,1
VA_N_N_VL4_N_VL4,1.35395568688384234656,1
VA_N_VL8_N_N_VA,1.35323489141087802170,1
VL2_N_N_VL2_VL4_N,1.35237721558280656891,1
VL2_N_VL2_N_VL4_N,1.35235927482984600336,1
VL2_N_VL4_N_N_VA,1.35185492946014604609,1
VA_N_N_VL4_N_VL2,1.35152058596734334514,1
N_VL4_N_VL2_VA_N,1.35149666019703296720,1
N_VL4_VL4_N_N_VA,1.35123554592027301076,1
N_VL2_N_VL4_N_VL4,1.35102611259539321504,1
N_VL8_N_N_VA_N,1.35102310317031208057,1
VA_N_N_N_VL4_N,1.35101092759498688855,1
VL2_N_N_VL4_N_VL2,1.35097761073038103467,1
VL8_N_N_VA_N_VL8,1.35038700091144542799,1
VL4_N_N_VL4_VA_N,1.35027174746469713849,1
VL8_N_VA_N_VL4_N,1.34933850591448715721,1
VA_N_VL8_N_VL8_N,1.34931343175974597816,1
VL8_N_N_VL2_VL2_N,1.34865335355484988734,1
VL2_N_N_VL2_N_VA,1.34838840480197321138,1
VL4_N_N_N_N_VA,1.34819763537093530334,1
N_VL8_N_N_N_VL2,1.34817709107750717040,1
N_VL8_N_VA_VL4_N,1.34799276063934190290,1
N_VL4_VL2_N_N_IV,1.34795720347493667154,1
VL8_N_VA_N_N_VL2,1.34688751369270604703,1
VL2_N_N_VL2_N_VL8,1.34664966844635868428,1
VL8_N_VL4_N_N_VA,1.34576366965172230363,1
N_VL2_VA_N_VL2_N,1.34565711664792409496,1
N_VL4_N_VA_N_IV,1.34562937242740854544,1
N_VL8_N_VL4_IV_N,1.34554212155336753712,1
N_VL8_N_VL4_VL4_N,1.34531308932750789114,1
VA_N_N_N_VL2_N,1.34460060207408738208,1
VL8_N_VL4_N_N_VL4,1.34459668138180981746,1
N_VL4_VL8_N_VL4_N,1.34419441460048851045,1
VL2_N_VL8_N_N_IV,1.34388784681145991410,1
VL8_N_VL8_N_N_IV,1.34373916719565991721,1
N_VL8_N_VL2_N_IV,1.34334486097028349510,1
VL4_N_VL4_N_VL8_N,1.34325480421968165142,1
N_VL4_N_VL2_N_VL8,1.34306652639380674953,1
VL8_N_N_VL2_N_VA,1.34273533958012656425,1
N_VA_VL8_N_IV_N,1.34234208010374388466,1
N_VA_VL4_N_N_VA,1.34153330122983739543,1
VL4_N_N_VL2_IV_N,1.34148040996079806867,1
IV_N_N_VA_N_VL4,1.34145785315803039813,1
N_VL4_VL4_N_VL4_N,1.34111263182850055288,1
N_VL4_N_N_VA_N,1.34097965402628968012,1
N_VL8_N_VA_N_N,1.34090189094781214031,1
VA_N_N_VL2_VL2_N,1.34036711455617127232,1
VL2_N_N_VL2_N_VL4,1.34035696979931979809,1
VL8_N_N_VL4_VL8_N,1.33958793061325896227,1
N_VL8_VL2_N_VA_N,1.33915796370475637660,1
N_VL8_VL2_N_N_IV,1.33901436945765184605,1
VL2_N_N_VL4_VL4_N,1.33788065355657429829,1
VL4_N_N_N_VA_N,1.33778826628305687406,1
VA_N_VL4_N_N_IV,1.33711838792465638984,1
VA_N_VL2_N_N_VL8,1.33710087789784184471,1
N_VL2_VL8_N_VL4_N,1.33697240370217321574,1
N_VL2_VL8_N_N_VA,1.33649472352550057920,1
VL8_N_N_VA_N_VL2,1.33481254198239590858,1
VA_N_N_VA_VL4_N,1.33441631864462299990,1
N_VL2_VL8_N_IV_N,1.33409414050165784189,1
VA_N_VL8_N_N_VL4,1.33397182348566905826,1
VL2_N_VL4_N_IV_N,1.33356667499084082223,1
N_VL4_N_VA_N_VL4,1.33356535272231539347,1
N_VL2_VL2_N_VA_N,1.33353076923462579065,1
VL2_N_VL8_N_N_VL2,1.33300843465975160787,1
N_VL2_VL2_N_N_VL4,1.33291676381853421405,1
N_VL4_VA_N_N_VA,1.33252456645282397769,1
VL4_N_VL2_N_N_VL2,1.33231686807552689545,1
N_VL4_N_VA_IV_N,1.33196374568535115901,1
N_VL8_N_VL4_N_VL2,1.33175751655625281442,1
N_VL2_VL8_N_VL8_N,1.33134792651525667710,1
VL4_N_VL2_N_IV_N,1.33126220138012650965,1
N_VL8_VL8_N_VL8_N,1.33112932011418209902,1
VA_N_N_VL2_N_VL8,1.33073189916961097019,1
VL2_N_VL2_N_VA_N,1.33070750059965787953,1
VL8_N_VL8_N_N_VL8,1.33065820222572019746,1
VA_N_N_VL2_VL4_N,1.33059922786396548346,1
VL8_N_N_VL2_N_VL8,1.33042759103304218598,1
VL8_N_VL8_N_VA_N,1.32988902332427864825,1
VL4_N_VA_N_IV_N,1.32964532736645090777,1
VA_N_VL2_N_N_VL4,1.32897265984205028404,1
VL2_N_VA_N_VA_N,1.32887284746616429334,1
VL2_N_VL8_N_VL4_N,1.32824959771641294717,1
VL2_N_N_VA_N_VL4,1.32790445901288026258,1
VA_N_VL4_N_N_N,1.32720446200596298326,1
VA_N_N_N_N_VA,1.32713980046856733119,1
VA_N_N_VA_N_VL2,1.32690137100202420412,1
VL2_N_VL8_N_N_VL4,1.32535698753741030302,1
VA_N_VL8_N_VL4_N,1.32535513916181847380,1
N_VL2_N_N_VL4_N,1.32488271995561787859,1
N_VL8_N_N_VL2_N,1.32486692431655379330,1
N_VL4_VL8_N_VA_N,1.32473343680768044471,1
N_VA_VL4_N_N_VL8,1.32426882722958973705,1
VL2_N_N_N_N_VA,1.32426606290229066120,1
N_VL2_VA_N_N_VL4,1.32377082135504505448,1
VL8_N_N_VA_N_VA,1.32280920693012703724,1
N_VL4_VL8_N_N_VL4,1.32180044893522926455,1
N_VL8_N_N_VL4_N,1.32125666868296136039,1
VL2_N_VL2_N_N_VL8,1.32024975093732497385,1
VA_N_VL4_N_VL2_N,1.32016083310361146020,1
N_VL2_N_N_VL2_N,1.32009282075740339748,1
VL8_N_N_VL4_N_N,1.31955718808991645039,1
N_VL4_VL4_N_VL8_N,1.31890960749063639286,1
N_VL2_N_VL2_N_VL2,1.31841405363874990247,1
VL8_N_N_VL2_IV_N,1.31830336809455202701,1
N_VL2_VL4_N_N_VA,1.31749985879755096413,1
N_VL2_N_VL2_N_VL8,1.31685065324183455589,1
VL8_N_VL8_N_N_N,1.31594125960915734059,1
VL8_N_N_N_N_VL8,1.31587089738582674936,1
N_VL8_N_VL2_N_VL2,1.31567757412960404481,1
VL4_N_N_N_VL4_N,1.31512989350126884471,1
VL8_N_VL4_N_IV_N,1.31437835911994468376,1
VL8_N_N_VA_VL2_N,1.31414384510071466289,1
VL2_N_VL8_N_VL2_N,1.31358208300136842637,1
VL2_N_N_VL2_IV_N,1.31287268187623384656,1
VL2_N_N_VL2_VA_N,1.31270257804232285451,1
N_VL8_N_VL4_VL8_N,1.31248322227242244460,1
VL4_N_VA_N_N_VA,1.31243782994490725978,1
VL4_N_N_VA_N_VA,1.31234370509555208960,1
N_VL4_N_VL4_N_VL8,1.31182083260945882201,1
N_VL8_N_VL2_N_VL4,1.31156704229291288246,1
N_VL8_N_VL4_VL2_N,1.31090964279391531409,1
VL2_N_VL2_N_N_N,1.31054827002721051902,1
N_VL2_N_VL2_VL4_N,1.31045221581174951481,1
N_VL2_VL4_N_VL4_N,1.31023325265338202716,1
VL4_N_N_VL2_N_VA,1.30944734643966092168,1
N_VL8_VA_N_IV_N,1.30858129811923522271,1
IV_N_VA_N_N_N,1.30844827084286439477,1
VL2_N_VA_N_N_VA,1.30818330204282370639,1
VL4_N_N_VA_N_VL2,1.30781097047726418986,1
VA_N_N_N_N_VL4,1.30771089736714470038,1
N_VL4_N_VL2_N_N,1.30758237961634541655,1
N_VL2_N_VA_VL2_N,1.30747506171833406244,1
VL2_N_N_VA_VL2_N,1.30718555609638637521,1
N_VL2_N_VL4_N_N,1.30694220552756660691,1
VL8_N_VL4_N_VL8_N,1.30693281334236423763,1
N_VL2_N_VL4_N_VA,1.30679065732874464079,1
N_VL4_VL2_N_N_VA,1.30658551210328684176,1
VL2_N_VL8_N_IV_N,1.30655012309221595727,1
N_VL8_N_VL4_VA_N,1.30649695712691713264,1
N_VL2_N_VL4_N_VL2,1.30580925874172003999,1
VL4_N_VL4_N_VA_N,1.30543901806462501238,1
VL8_N_N_N_VL2_N,1.30537978479448284205,1
VL8_N_VA_N_VL2_N,1.30489934377601665229,1
VL8_N_VA_N_VA_N,1.30482506161619509531,1
N_VL4_N_N_IV_N,1.30322846956147093798,1
N_VL8_N_N_N_VL4,1.30321614497311659428,1
N_VL8_N_VA_N_VA,1.30314403564289298702,1
VL2_N_N_VL4_VA_N,1.30248235160286838921,1
VL8_N_VL4_N_N_N,1.30190094178910945939,1
N_VL8_N_VL4_N_IV,1.30133590885584912507,1
VA_N_N_VL4_N_IV,1.30083171908478319489,1
VL4_N_N_VA_N_IV,1.30005873907281848872,1
N_VL8_N_VA_VA_N,1.29965503401124397023,1
VL8_N_N_VL2_VL8_N,1.29904683435751644696,1
N_VL4_VA_N_VA_N,1.29794718942927678001,1
VL2_N_VL4_N_N_N,1.29768775249301816944,1
VL4_N_VA_N_N_N,1.29667393835686585643,1
VL2_N_N_VL4_VL8_N,1.29618153344493236360,1
N_VA_VL8_N_VL2_N,1.29594775459164474442,1
N_VA_VL4_N_VL4_N,1.29585805920440376971,1
N_VL4_N_VL2_N_VL2,1.29556699407374703610,1
VL4_N_N_VL2_N_VL2,1.29465576874538099140,1
N_VL4_N_VL2_N_VL4,1.29463141837399440554,1
VL2_N_VL2_N_IV_N,1.29432410580561643855,1
N_VL2_N_N_N_N,1.29417882737928052521,1
VA_N_VL2_N_VL8_N,1.29396692636061677808,1
VA_N_N_VL2_VL8_N,1.29393955129004610781,1
VL4_N_VL8_N_VL4_N,1.29349402572970639992,1
VA_N_N_VL4_N_N,1.29344154276505949820,1
VL8_N_VA_N_IV_N,1.29233765964588857750,1
N_VL2_N_VA_N_VL8,1.29196247743236690670,1
N_VL8_VL4_N_N_VA,1.29147127902824136388,1
VA_N_VL2_N_VL4_N,1.29145415943477995624,1
VL2_N_VL8_N_N_VL8,1.29115801887908215621,1
N_VL4_N_N_N_VA,1.29047025702227306787,1
VL4_N_N_N_N_N,1.29040639556048629838,1
N_VL4_VL8_N_N_VL2,1.29010267585646580320,1
N_VL8_N_VL2_VL2_N,1.28979573431044709030,1
N_VA_VL8_N_VL8_N,1.28930752248348768133,1
VL4_N_N_VL4_N_IV,1.28813266568311186215,1
N_VL8_N_VA_N_VL4,1.28811162331751262427,1
VL4_N_VL4_N_VL2_N,1.28800322142119844785,1
VL4_N_N_VL4_N_VL8,1.28707615595325110074,1
N_VL2_VL8_N_VA_N,1.28678448531027991753,1
N_VL2_VL8_N_N_IV,1.28645774800182218606,1
VL4_N_VL8_N_N_N,1.28535267656051657395,1
VA_N_VL2_N_VL2_N,1.28451274877470236980,1
N_VL8_N_VL4_N_VL8,1.28442462057138234647,1
N_VL2_N_VL2_VA_N,1.28434601987708419291,1
VA_N_N_VL2_N_VL2,1.28284264910771038747,1
VA_N_VL2_N_VA_N,1.28253535518574937041,1
N_VL2_VL4_N_VL2_N,1.28228624678364682475,1
VA_N_N_VL4_N_VL8,1.28197143205479599481,1
VA_N_VL2_N_N_IV,1.28175044012030360574,1
VA_N_N_VL2_IV_N,1.28119398137385989119,1
VA_N_VL4_N_N_VL2,1.28106674646380407414,1
VA_N_VA_N_VL2_N,1.28011184229131993728,1
IV_N_N_VL4_N_VL8,1.27850417917717173780,1
VA_N_VA_N_VL8_N,1.27846384790678062379,1
VL8_N_VL8_N_IV_N,1.27777563741306485207,1
VL4_N_VL8_N_VA_N,1.27728030582218006094,1
VA_N_VL8_N_VL2_N,1.27716547803049747366,1
N_VL8_N_VA_VL8_N,1.27656054398276311862,1
N_VL2_VL4_N_N_VL8,1.27654205818987466337,1
N_VA_VL4_N_N_IV,1.27635720232983918791,1
N_VL4_VA_N_N_N,1.27610517790648473298,1
N_VL2_N_VL2_N_IV,1.27559140387181480647,1
VL2_N_VL4_N_VL4_N,1.27530205036457370951,1
N_VL2_VL4_N_N_IV,1.27450214386288648727,1
VL2_N_N_VL4_N_IV,1.27429518733626029273,1
VA_N_VA_N_N_VL4,1.27385779160363184591,1
N_VL2_N_VL4_N_IV,1.27373920295837096035,1
N_VL2_VL4_N_IV_N,1.27349968703068511563,1
VA_N_VL4_N_N_VL4,1.27264781452941819078,1
N_VA_VL8_N_N_VA,1.27264042594682996297,1
VL2_N_VL4_N_VA_N,1.27152928733471146923,1
N_VL8_N_N_N_N,1.27138987511414957271,1
VL2_N_N_VA_VL8_N,1.27096472071014221816,1
N_VL2_VL2_N_VL2_N,1.27050412584547520322,1
N_VL4_N_VL2_VL8_N,1.27009264490546386390,1
N_VL4_N_VL2_VL2_N,1.26989764477622802582,1
VL4_N_VL4_N_N_IV,1.26988322785574111211,1
N_VL4_VL4_N_N_N,1.26966943759263114897,1
VL4_N_N_VA_N_VL4,1.26925950031002317401,1
N_VL2_N_VL4_VL2_N,1.26835756420132133763,1
VL8_N_N_VL2_N_VL2,1.26736130696232754045,1
N_VL4_N_VL4_VL8_N,1.26707950881979334469,1
VA_N_N_VL4_VL4_N,1.26650174087517735554,1
VA_N_VL4_N_IV_N,1.26613705906868600782,1
N_VL8_N_VL4_N_N,1.26552425411849642362,1
VA_N_N_VL4_VL8_N,1.26536155022938937604,1
VL4_N_N_VL4_N_VL4,1.26473774018400710551,1
VL2_N_VL8_N_N_VA,1.26469708018272885824,1
VL8_N_N_VL4_VL4_N,1.26455317526314506077,1
VL2_N_N_VL4_VL2_N,1.26381191138031800605,1
VL8_N_N_N_VL4_N,1.26349552938229239845,1
N_VL4_VL2_N_VL8_N,1.26332232492439618503,1
N_VL2_VL2_N_VL8_N,1.26233791495041088752,1
VL2_N_VL2_N_N_IV,1.26071165759796075384,1
VL8_N_N_VA_VA_N,1.25911935461599890818,1
N_VL4_N_VL4_VL4_N,1.25883643318712275832,1
N_VL2_VL2_N_IV_N,1.25822463471900537062,1
VL2_N_N_VL4_N_N,1.25777934468813229062,1
N_VL2_VA_N_N_VL2,1.25756025151994776245,1
N_VL4_N_VA_VA_N,1.25749752325342155507,1
VA_N_N_N_N_VL8,1.25676287028505872433,1
VL2_N_N_VL2_N_IV,1.25675612278867745355,1
N_VL2_VA_N_VL8_N,1.25593074822114516490,1
N_VL4_N_VL2_N_VA,1.25574817493160788393,1
VL2_N_N_VL4_N_VL8,1.25539980773774071804,1
N_VL4_N_VL4_VL2_N,1.25473450998766320267,1
N_VL2_N_VL2_N_N,1.25460832686920394316,1
VA_N_VL8_N_VA_N,1.25437862297623871554,1
N_VA_VL2_N_N_VL2,1.25369552206624662874,1
N_VL8_VL8_N_VL2_N,1.25359213543593414578,1
VL2_N_VL8_N_VA_N,1.25212213303426046616,1
N_VL4_VA_N_VL4_N,1.25101421957611612841,1
N_VL8_VL2_N_VL4_N,1.25075297498543700195,1
N_VA_VL4_N_VL2_N,1.25069599499560679745,1
N_VL2_VL2_N_N_VA,1.24837999344337833868,1
VL2_N_N_VL2_N_N,1.24808354383152321195,1
N_VL2_N_VL2_IV_N,1.24745201963992142896,1
VA_N_N_VA_N_N,1.24731482244053356020,1
VL4_N_N_VL4_VL4_N,1.24658116336658970770,1
N_VL2_N_VL2_N_VA,1.24620304832423987874,1
VA_N_VA_N_VL4_N,1.24588004508360333044,1
VL2_N_N_N_N_IV,1.24435047493585483610,1
N_VA_VL4_N_VA_N,1.24238811617487998890,1
VL4_N_VL2_N_N_VL4,1.24158691675796596775,1
N_VL2_N_VA_N_IV,1.24085354939795045990,1
N_VL2_N_VA_IV_N,1.24013137620184388763,1
VL8_N_N_N_VL8_N,1.24000905923949320034,1
N_VL2_N_N_N_VL2,1.23991891392969190655,1
VL8_N_N_VL4_VL2_N,1.23882749965613989070,1
VL8_N_VL2_N_N_VL2,1.23828638702954705630,1
VL2_N_VL8_N_N_N,1.23796785389486907865,1
N_VA_VL2_N_VL2_N,1.23701695230607118452,1
N_VL8_N_VL2_VL8_N,1.23544702364408079150,1
VL4_N_N_N_N_IV,1.23534991815865187848,1
VA_N_N_VL2_N_VA,1.23390503702479505476,1
VL4_N_N_N_IV_N,1.23383250247116554151,1
VL4_N_VL4_N_VL4_N,1.23297181887594354018,1
N_VL2_VL8_N_N_N,1.23245464524719721128,1
N_VL8_N_VL2_VL4_N,1.23014176507524847829,1
VA_N_VL2_N_N_VA,1.22971948109967484094,1
VL4_N_N_VL2_VL2_N,1.22632578139355233690,1
VA_N_VL2_N_N_VL2,1.22577459520772381279,1
VL4_N_VL4_N_N_VL8,1.22556603431971318796,1
VL2_N_VL4_N_VL8_N,1.22380795023542032123,1
N_VL4_N_VL4_N_IV,1.22311413414647138297,1
N_VL8_N_VL2_N_VA,1.22144847951107114343,1
N_VL2_VL8_N_N_VL2,1.22141194802369702980,1
N_VL8_VL2_N_N_N,1.22041856335820119316,1
N_VL4_N_VL4_VA_N,1.21891384505804377671,1
VL4_N_N_VL4_IV_N,1.21740992836647887876,1
VL4_N_VA_N_VL2_N,1.21580130195421014955,1
VA_N_N_VL2_N_IV,1.21520842619881064560,1
IV_N_VA_N_IV_N,1.21441391801287339456,1
VL2_N_VL4_N_VL2_N,1.21052783768058241124,1
VL4_N_N_VL2_VA_N,1.21005452553929738806,1
N_VL2_VL8_N_N_VL4,1.20964513564669285861,1
VL4_N_VL8_N_VL8_N,1.20791542113256706957,1
N_VL8_N_VL2_VA_N,1.20683212397685711685,1
N_IV_N_VL2_N_VL8,1.20611007893955664537,1
VL4_N_N_VL2_N_VL8,1.20414350220241351970,1
VL4_N_VA_N_VL4_N,1.20134460680544917576,1
VL4_N_N_VL2_VL8_N,1.19920434219124178465,1
VL2_N_VL8_N_VL8_N,1.19844765292117805873,1
VA_N_VL8_N_N_N,1.19774614572033612372,1
VA_N_N_VL4_VL2_N,1.19650179050620076399,1
VL8_N_N_VL2_VL4_N,1.19623745068622831603,1
VL2_N_N_N_IV_N,1.19608663980793342027,1
VA_N_N_VL4_IV_N,1.19483807184289275237,1
N_VL4_N_VL4_IV_N,1.19471296013141455252,1
N_VL2_N_VL4_VL4_N,1.19400938212861437880,1
VL8_N_N_VL4_VA_N,1.19329302122188079872,1
VA_N_VL8_N_IV_N,1.18811863818866635487,1
VL4_N_N_VA_VL4_N,1.18591042986191730855,1
VL8_N_N_VL4_N_IV,1.18473783539600683209,1
IV_N_N_VA_N_VA,1.18469781429472221443,1
IV_N_N_N_VL8_N,1.18349898299906491281,1
N_VA_VA_N_N_VL8,1.18322041840725597483,1
VL4_N_N_VL4_VL2_N,1.18194803266917744353,1
VL8_N_N_VL4_IV_N,1.18103072353361638273,1
VL2_N_VL4_N_N_VL2,1.17933647556799725814,1
VL8_N_VA_N_N_N,1.17931419445743579580,1
VL4_N_N_VA_IV_N,1.17577213133991974294,1
VL4_N_VL2_N_N_VA,1.17227585683796828660,1
VL2_N_VA_N_N_VL2,1.17218585189356091873,1
N_VA_VA_N_N_VL4,1.17013852753797211817,1
VL2_N_VA_N_VL2_N,1.16500651953725279310,1
VL8_N_VL2_N_N_VA,1.16450047805176657707,1
VL4_N_N_VL2_VL4_N,1.16165105670220793516,1
N_IV_N_VL2_N_VL4,1.16078541963568105848,1
N_VA_N_VA_N_VL2,1.15719115608682998713,1
VL8_N_N_VL2_VA_N,1.15592759091087271443,1
VL8_N_N_VL4_N_VL4,1.15571400768220079226,1
VA_N_VL2_N_N_N,1.15490304350168024915,1
N_IV_N_VA_VL2_N,1.14684775457093823919,1
VA_N_VA_N_N_VA,1.14662601739411572514,1
VA_N_VA_N_N_N,1.14625799813352748979,1
VL4_N_N_VA_N_N,1.14101814248799382000,1
VL4_N_N_N_N_VL4,1.13925546594410141165,1
N_IV_N_VA_VL8_N,1.13087789998086359868,1
VA_N_VL2_N_IV_N,1.12674294005690929729,1
N_IV_N_N_N_VA,1.12636697431828384965,1
N_VL2_N_VL2_VL2_N,1.11491224493768654737,1
N_IV_N_VA_VL4_N,1.11292027942560120410,1
N_N_VL4_N_N_VL2,1.10899528562954541618,1
N_VA_N_N_N_VL4,1.10814503979388946364,1
N_N_VL8_N_N_VL8,1.10083377405584059898,1
N_N_N_VA_N_VL2,1.09674552578829703676,1
N_VA_N_N_N_VL2,1.08817764505423651891,1
N_VA_N_VA_N_VL8,1.08652615202722360050,1
N_VA_N_VL2_N_IV,1.08612523878889478818,1
N_N_VL4_N_N_VA,1.08420513327624993193,1
N_N_VL8_N_VL2_N,1.08390759305355058993,1
N_VA_N_VA_VL4_N,1.08237446866156803650,1
N_VA_N_N_VL4_N,1.08092389131107017242,1
N_VA_N_VA_VA_N,1.08049790935947828825,1
N_N_N_VA_N_IV,1.07483939386950328041,1
N_VA_VA_N_N_VL2,1.07005064374804016697,1
N_VA_N_VL4_N_IV,1.06778328754575278604,1
N_N_VL8_N_VA_N,1.06771232492156934614,1
N_VA_N_N_VL8_N,1.06685118372603867112,1
N_N_VA_N_N_VL4,1.06366604452838381399,1
N_VA_N_N_VA_N,1.06355552563879341379,1
N_N_VA_N_N_N,1.06271610882698863534,1
N_N_VL8_N_N_VL4,1.06268627178182956205,1
N_IV_N_N_VL2_N,1.06060735650976712064,1
N_N_VA_N_VL2_N,1.06035466203888747876,1
N_N_VA_N_N_VL8,1.05639836933599104788,1
N_VA_VA_N_N_IV,1.05508994216563333066,1
N_N_VL2_N_N_VL2,1.05411826748803664580,1
N_VA_N_VL4_N_VL2,1.05321633736249424091,1
N_N_VL4_N_N_VL8,1.05300803200643289744,1
N_N_VL4_N_N_N,1.05265650654659966438,1
N_N_VL4_N_VL8_N,1.05258667687279922874,1
N_VA_N_N_VL2_N,1.05142371220631210078,1
N_VA_N_N_IV_N,1.05114466063598621270,1
N_N_N_N_VL8_N,1.04999626531562558696,1
N_VA_N_VA_N_N,1.04998295080505490394,1
N_N_VL8_N_IV_N,1.04931619975079118088,1
N_VA_VA_N_VA_N,1.04924937917897283448,1
N_N_VL4_N_N_IV,1.04620186886018838541,1
N_N_VL2_N_VA_N,1.04528411144762569911,1
N_N_N_VA_N_VL8,1.04510333993294889803,1
N_VA_N_VL2_N_VL4,1.04429515700412226012,1
N_N_VA_N_IV_N,1.04391327021390283322,1
N_N_VL8_N_VL8_N,1.04339082278339018263,1
N_N_VA_N_N_VL2,1.04320683682861174158,1
N_N_N_VA_N_VL4,1.04286012766209099328,1
N_VA_N_N_N_VA,1.04232863492104163151,1
N_VA_N_VA_N_IV,1.04194664790775778551,1
N_VA_VA_N_VL2_N,1.04112852922334693610,1
N_N_VL4_N_VL4_N,1.04081729511085553362,1
N_VA_N_VA_VL2_N,1.04070753769594652236,1
N_VA_N_VA_VL8_N,1.04045008743893139905,1
N_N_VL4_N_N_VL4,1.03926007216031578938,1
N_N_VL2_N_N_VL8,1.03813652694723063978,1
N_VA_VA_N_VL8_N,1.03793273363143363387,1
N_VA_VL2_N_VL4_N,1.03770251715027208646,1
N_N_VL4_N_VL2_N,1.03640545195552651665,1
N_N_N_VA_VL2_N,1.03568254951174082361,1
N_N_N_VA_IV_N,1.03496177295635792360,1
N_VA_N_VL2_IV_N,1.03468361780006525439,1
N_IV_N_N_N_VL8,1.03378159750124133527,1
N_N_VL8_N_N_VL2,1.03319397306870241564,1
N_VA_N_VL2_VL2_N,1.03240719454832468620,1
N_N_VL8_N_N_VA,1.03219791718174802313,1
N_IV_VL2_N_N_VL2,1.03131602417665662591,1
N_N_N_VA_VL4_N,1.03043359069992119166,1
N_VA_N_VL2_N_VL2,1.02954359836300449051,1
N_N_VL4_N_VA_N,1.02803227726038129993,1
N_N_N_VA_N_VA,1.02640579104005513234,1
VA_N_VL8_N_N_VL2,1.02554520600593258689,1
N_N_N_N_N_VL8,1.02548853155585722662,1
N_N_VL2_N_N_N,1.02516171573410295746,1
N_N_VA_N_VL4_N,1.02494348351944183690,1
N_N_N_N_VL4_N,1.02451820918388520462,1
N_VA_N_VL4_VL4_N,1.02417676785995410603,1
N_VA_N_VA_N_VA,1.02328706319825867915,1
N_IV_N_N_VL8_N,1.02220692185725692847,1
N_IV_VL4_N_N_VL4,1.02199110289231423053,1
N_N_N_N_N_VL2,1.02171895641872401372,1
N_VA_VA_N_VL4_N,1.02130632773255804899,1
N_N_VL2_N_VL8_N,1.02073390243160317639,1
N_VA_N_N_N_VL8,1.02054730717360115961,1
N_VA_VL2_N_IV_N,1.02014255958746045485,1
N_N_VA_N_VA_N,1.01977516828691252188,1
N_N_VL8_N_VL4_N,1.01972766591576572553,1
N_N_VL2_N_N_VL4,1.01921468804519434089,1
N_N_VL2_N_N_IV,1.01913651837733617897,1
N_N_N_N_N_VL4,1.01882071116732092315,1
N_VA_N_VL2_N_VA,1.01740766850105829686,1
N_IV_VL8_N_N_VL4,1.01565997522936637508,1
N_N_VL8_N_N_IV,1.01516759685826088323,1
N_VA_N_N_N_IV,1.01509463484080592513,1
N_IV_N_N_VA_N,1.01491909216998091645,1
N_N_VL8_N_N_N,1.01368039101288407906,1
N_N_N_N_VL2_N,1.01343817601436848703,1
N_IV_VL8_N_N_VL2,1.01240424926386855761,1
N_VA_VA_N_N_VA,1.01222033378630616440,1
VA_N_N_N_VL8_N,1.01174071241204664573,1
N_N_VA_N_VL8_N,1.01028122781758152478,1
N_VA_N_VL2_N_VL8,1.01007987438733049665,1
N_VA_N_VL4_N_VA,1.00983265887499349296,1
N_VA_N_VL4_N_VL4,1.00819905461710927586,1
N_VA_VA_N_IV_N,1.00816282433140620104,1
N_VA_N_VL4_VL8_N,1.00809495532666141656,1
N_N_VL2_N_VL2_N,1.00792607120030276574,1
N_VA_N_VL4_VL2_N,1.00688123526227580969,1
N_N_N_VL4_N_VL4,1.00680091892002108967,1
N_N_VL2_N_N_VA,1.00662103930773349739,1
N_N_VL4_N_IV_N,1.00637236873074916524,1
N_IV_N_VA_N_VL8,1.00626130589591110158,1
N_N_N_VL2_VA_N,1.00603683568830102250,1
N_VA_N_VL4_VA_N,1.00545473238599251999,1
N_N_N_VA_VA_N,1.00532161241258939341,1
N_IV_VL8_N_IV_N,1.00526602509505549603,1
N_VA_N_VA_IV_N,1.00443986776032624243,1
N_IV_VL2_N_N_VL8,1.00443551848871431059,1
N_IV_VL4_N_N_VA,1.00406545877205536880,1
N_N_N_VL4_VL2_N,1.00293104687524805510,1
N_VA_N_VL2_VL8_N,1.00265941343561362780,1
N_VA_VL2_N_N_VA,1.00174450596540402525,1
N_IV_VL2_N_VL4_N,1.00102418647587232787,1
N_IV_VL4_N_N_IV,1.00025840409075975377,1
N_IV_VL4_N_N_VL8,1.00022616732589113999,1
N_N_N_N_N_N,1.00000000000000000000,1
N_VA_N_VL4_N_N,.99997773385627578391,1
N_IV_N_VA_N_VL4,.99868768605136983836,1
N_IV_VA_N_N_VL4,.99850256550045019568,1
N_IV_VL8_N_N_VL8,.99829728254525235404,1
N_IV_VL8_N_VL2_N,.99807082748563691092,1
N_VA_N_VL2_VA_N,.99780641626469987021,1
N_IV_VL2_N_N_IV,.99775542052037828848,1
N_VA_N_VL2_N_N,.99761605567870880956,1
N_IV_N_VL4_N_VL4,.99638702024496118028,1
N_N_N_VL4_N_VL8,.99608499014234533608,1
N_N_N_N_VA_N,.99503093890947802785,1
N_IV_VL2_N_N_VL4,.99406699870579645817,1
N_VA_VA_N_N_N,.99362757719299263274,1
N_N_N_VL2_N_VL8,.99250965744266209203,1
N_N_N_N_N_VA,.99177021849384952333,1
N_IV_N_VL4_N_VA,.99144805400005585117,1
N_VA_VL2_N_N_IV,.98926092656211460384,1
N_IV_VL4_N_N_N,.98804891379487995073,1
N_IV_VA_N_VL8_N,.98634662559590581290,1
N_N_N_VL2_N_N,.98578313866020563820,1
N_IV_N_VA_N_VL2,.98416304213045498481,1
N_N_VA_N_N_VA,.98415745283973613138,1
N_N_N_N_N_IV,.98134459960501236366,1
N_N_N_VL4_VA_N,.98108332281389517256,1
N_VA_N_VL4_N_VL8,.97972116214046596804,1
N_N_N_VL2_N_VL4,.97898251569834158326,1
N_IV_VL4_N_VL8_N,.97876860893305342181,1
N_VA_N_VL2_VL4_N,.97870835155044612162,1
N_VA_N_N_N_N,.97840685821921388100,1
N_IV_VL2_N_VL8_N,.97777110371784551023,1
N_N_VA_N_N_IV,.97679863599956013314,1
N_IV_VL4_N_IV_N,.97668201018376902366,1
N_N_N_VA_N_N,.97638648422501018963,1
N_IV_VL2_N_N_VA,.97534259993563342360,1
N_N_N_VL4_N_IV,.97530257506695341437,1
N_N_N_VL2_N_VA,.97508344455497149901,1
N_IV_VA_N_VL2_N,.97493498167010222030,1
N_IV_VL4_N_N_VL2,.97388491899732809524,1
N_IV_VL8_N_N_VA,.97364681338036368730,1
N_IV_VA_N_N_VL8,.97338304690223062016,1
N_IV_N_N_N_VL2,.97326995293950800494,1
N_N_N_N_IV_N,.97317418561760229495,1
N_IV_N_VA_N_N,.97252811373906528912,1
N_N_N_VA_VL8_N,.97220260423109642739,1
N_VA_VL2_N_N_N,.97177830240878727596,1
N_IV_VL2_N_VL2_N,.97146807251746724235,1
N_IV_VL8_N_VL4_N,.97030671218850735802,1
N_VA_N_VL4_IV_N,.97023121409251480614,1
N_VA_N_VA_N_VL4,.97019613394316665117,1
N_IV_VL2_N_N_N,.96997218178369784457,1
N_IV_VL8_N_VL8_N,.96981654352256803564,1
N_N_N_VL2_N_IV,.96835794103317065902,1
N_IV_N_VL4_N_VL2,.96821782542479628419,1
N_N_VL2_N_VL4_N,.96797475822189163852,1
N_N_VL2_N_IV_N,.96749857696233420043,1
N_N_N_VL4_VL4_N,.96601510785361434333,1
N_IV_VL4_N_VL4_N,.96552108783904659676,1
N_IV_N_VL2_VL4_N,.96540838038330130865,1
N_N_N_VL4_VL8_N,.96499360826518270899,1
N_IV_VL8_N_VA_N,.96378001769022994297,1
N_IV_VA_N_N_VL2,.96258533621994055219,1
N_N_N_VL2_IV_N,.96189986325839481118,1
N_N_N_VL2_VL4_N,.96177690976221899890,1
N_IV_N_VA_IV_N,.96085363180894805266,1
N_IV_VL2_N_IV_N,.96019133763957652623,1
N_IV_N_VA_N_IV,.95958419434765216696,1
N_N_N_VL4_N_N,.95777378521735253391,1
N_IV_VA_N_N_IV,.95634096707314176823,1
N_IV_VL4_N_VA_N,.95619429345734538874,1
N_IV_N_VA_N_VA,.95586888625778837311,1
N_IV_VL8_N_N_N,.95519181172397004316,1
N_IV_VL2_N_VA_N,.95475501917591496814,1
N_N_N_VL2_VL8_N,.95257762665996631344,1
N_IV_VA_N_N_N,.95086349680926017467,1
N_N_N_VL4_N_VL2,.94657650645004259129,1
N_N_N_VL2_VL2_N,.94579109530557845588,1
N_IV_VA_N_VL4_N,.94574346291095101120,1
N_IV_VA_N_N_VA,.94572790555033272310,1
N_IV_N_N_N_VL4,.94481552079518599397,1
N_IV_VA_N_VA_N,.94459237528633801137,1
N_N_N_VL2_N_VL2,.94186037248512735562,1
N_N_N_VL4_N_VA,.94115396676079583128,1
N_N_N_VL4_IV_N,.94020290852385479344,1
N_IV_VL4_N_VL2_N,.93539849229293598207,1
N_VL2_VL4_N_N_N,.93475931259947236429,1
N_IV_N_VL4_IV_N,.93383829060803507578,1
N_IV_N_VL2_N_IV,.93282603236310331951,1
N_IV_VA_N_IV_N,.93105609625795971340,1
N_IV_N_N_VL4_N,.93084253312211307961,1
N_IV_N_VL4_N_VL8,.93035139719790125769,1
N_IV_N_VL4_N_N,.92947434601113657875,1
N_IV_N_VL2_VL8_N,.92321948431411322901,1
N_IV_N_VL4_N_IV,.92247612470385150052,1
VL8_N_VL4_N_N_VL8,.92076418527725749988,1
N_IV_N_VL2_IV_N,.91503197806819969472,1
N_IV_N_VL4_VL2_N,.91259514751553394015,1
N_IV_N_VL2_N_N,.90440454560931106538,1
N_IV_N_VL4_VL4_N,.89887049741380477602,1
N_IV_N_VL4_VL8_N,.88888789774207371970,1
N_IV_N_VA_VA_N,.88674147735572794627,1
N_IV_N_VL4_VA_N,.88282841762520404761,1
N_IV_N_VL2_N_VA,.87675337010308294967,1
N_IV_VL8_N_N_IV,.87096824219549094848,1
N_IV_N_VL2_N_VL2,.85752465119164406374,1
N_IV_N_VL2_VA_N,.84123843653473764341,1
N_IV_N_VL2_VL2_N,.83945852968323914127,1
